id,age,job,marital,education,default_status,balance,housing,loan,contact,day,month,duration,campaign,pdays,previous,outcome,target
1,58,management,married,tertiary,no,2143.00,yes,no,unknown,5,may,261,1,-1,0,unknown,no
2,44,technician,single,secondary,no,29.00,yes,no,unknown,5,may,151,1,-1,0,unknown,no
3,33,entrepreneur,married,secondary,no,2.00,yes,yes,unknown,5,may,76,1,-1,0,unknown,no
4,47,blue-collar,married,unknown,no,1506.00,yes,no,unknown,5,may,92,1,-1,0,unknown,no
5,33,unknown,single,unknown,no,1.00,no,no,unknown,5,may,198,1,-1,0,unknown,no
6,35,management,married,tertiary,no,231.00,yes,no,unknown,5,may,139,1,-1,0,unknown,no
7,28,management,single,tertiary,no,447.00,yes,yes,unknown,5,may,217,1,-1,0,unknown,no
8,42,entrepreneur,divorced,tertiary,yes,2.00,yes,no,unknown,5,may,380,1,-1,0,unknown,no
9,58,retired,married,primary,no,121.00,yes,no,unknown,5,may,50,1,-1,0,unknown,no
10,43,technician,single,secondary,no,593.00,yes,no,unknown,5,may,55,1,-1,0,unknown,no
11,41,admin,divorced,secondary,no,270.00,yes,no,unknown,5,may,222,1,-1,0,unknown,no
12,29,admin,single,secondary,no,390.00,yes,no,unknown,5,may,137,1,-1,0,unknown,no
13,53,technician,married,secondary,no,6.00,yes,no,unknown,5,may,517,1,-1,0,unknown,no
14,58,technician,married,unknown,no,71.00,yes,no,unknown,5,may,71,1,-1,0,unknown,no
15,57,services,married,secondary,no,162.00,yes,no,unknown,5,may,174,1,-1,0,unknown,no
16,51,retired,married,primary,no,229.00,yes,no,unknown,5,may,353,1,-1,0,unknown,no
17,45,admin,single,unknown,no,13.00,yes,no,unknown,5,may,98,1,-1,0,unknown,no
18,57,blue-collar,married,primary,no,52.00,yes,no,unknown,5,may,38,1,-1,0,unknown,no
19,60,retired,married,primary,no,60.00,yes,no,unknown,5,may,219,1,-1,0,unknown,no
20,33,services,married,secondary,no,0.00,yes,no,unknown,5,may,54,1,-1,0,unknown,no
21,28,blue-collar,married,secondary,no,723.00,yes,yes,unknown,5,may,262,1,-1,0,unknown,no
22,56,management,married,tertiary,no,779.00,yes,no,unknown,5,may,164,1,-1,0,unknown,no
23,32,blue-collar,single,primary,no,23.00,yes,yes,unknown,5,may,160,1,-1,0,unknown,no
24,25,services,married,secondary,no,50.00,yes,no,unknown,5,may,342,1,-1,0,unknown,no
25,40,retired,married,primary,no,0.00,yes,yes,unknown,5,may,181,1,-1,0,unknown,no
26,44,admin,married,secondary,no,-372.00,yes,no,unknown,5,may,172,1,-1,0,unknown,no
27,39,management,single,tertiary,no,255.00,yes,no,unknown,5,may,296,1,-1,0,unknown,no
28,52,entrepreneur,married,secondary,no,113.00,yes,yes,unknown,5,may,127,1,-1,0,unknown,no
29,46,management,single,secondary,no,-246.00,yes,no,unknown,5,may,255,2,-1,0,unknown,no
30,36,technician,single,secondary,no,265.00,yes,yes,unknown,5,may,348,1,-1,0,unknown,no
31,57,technician,married,secondary,no,839.00,no,yes,unknown,5,may,225,1,-1,0,unknown,no
32,49,management,married,tertiary,no,378.00,yes,no,unknown,5,may,230,1,-1,0,unknown,no
33,60,admin,married,secondary,no,39.00,yes,yes,unknown,5,may,208,1,-1,0,unknown,no
34,59,blue-collar,married,secondary,no,0.00,yes,no,unknown,5,may,226,1,-1,0,unknown,no
35,51,management,married,tertiary,no,10635.00,yes,no,unknown,5,may,336,1,-1,0,unknown,no
36,57,technician,divorced,secondary,no,63.00,yes,no,unknown,5,may,242,1,-1,0,unknown,no
37,25,blue-collar,married,secondary,no,-7.00,yes,no,unknown,5,may,365,1,-1,0,unknown,no
38,53,technician,married,secondary,no,-3.00,no,no,unknown,5,may,1666,1,-1,0,unknown,no
39,36,admin,divorced,secondary,no,506.00,yes,no,unknown,5,may,577,1,-1,0,unknown,no
40,37,admin,single,secondary,no,0.00,yes,no,unknown,5,may,137,1,-1,0,unknown,no
41,44,services,divorced,secondary,no,2586.00,yes,no,unknown,5,may,160,1,-1,0,unknown,no
42,50,management,married,secondary,no,49.00,yes,no,unknown,5,may,180,2,-1,0,unknown,no
43,60,blue-collar,married,unknown,no,104.00,yes,no,unknown,5,may,22,1,-1,0,unknown,no
44,54,retired,married,secondary,no,529.00,yes,no,unknown,5,may,1492,1,-1,0,unknown,no
45,58,retired,married,unknown,no,96.00,yes,no,unknown,5,may,616,1,-1,0,unknown,no
46,36,admin,single,primary,no,-171.00,yes,no,unknown,5,may,242,1,-1,0,unknown,no
47,58,self-employed,married,tertiary,no,-364.00,yes,no,unknown,5,may,355,1,-1,0,unknown,no
48,44,technician,married,secondary,no,0.00,yes,no,unknown,5,may,225,2,-1,0,unknown,no
49,55,technician,divorced,secondary,no,0.00,no,no,unknown,5,may,160,1,-1,0,unknown,no
50,29,management,single,tertiary,no,0.00,yes,no,unknown,5,may,363,1,-1,0,unknown,no
51,54,blue-collar,married,secondary,no,1291.00,yes,no,unknown,5,may,266,1,-1,0,unknown,no
52,48,management,divorced,tertiary,no,-244.00,yes,no,unknown,5,may,253,1,-1,0,unknown,no
53,32,management,married,tertiary,no,0.00,yes,no,unknown,5,may,179,1,-1,0,unknown,no
54,42,admin,single,secondary,no,-76.00,yes,no,unknown,5,may,787,1,-1,0,unknown,no
55,24,technician,single,secondary,no,-103.00,yes,yes,unknown,5,may,145,1,-1,0,unknown,no
56,38,entrepreneur,single,tertiary,no,243.00,no,yes,unknown,5,may,174,1,-1,0,unknown,no
57,38,management,single,tertiary,no,424.00,yes,no,unknown,5,may,104,1,-1,0,unknown,no
58,47,blue-collar,married,unknown,no,306.00,yes,no,unknown,5,may,13,1,-1,0,unknown,no
59,40,blue-collar,single,unknown,no,24.00,yes,no,unknown,5,may,185,1,-1,0,unknown,no
60,46,services,married,primary,no,179.00,yes,no,unknown,5,may,1778,1,-1,0,unknown,no
61,32,admin,married,tertiary,no,0.00,yes,no,unknown,5,may,138,1,-1,0,unknown,no
62,53,technician,divorced,secondary,no,989.00,yes,no,unknown,5,may,812,1,-1,0,unknown,no
63,57,blue-collar,married,primary,no,249.00,yes,no,unknown,5,may,164,1,-1,0,unknown,no
64,33,services,married,secondary,no,790.00,yes,no,unknown,5,may,391,1,-1,0,unknown,no
65,49,blue-collar,married,unknown,no,154.00,yes,no,unknown,5,may,357,1,-1,0,unknown,no
66,51,management,married,tertiary,no,6530.00,yes,no,unknown,5,may,91,1,-1,0,unknown,no
67,60,retired,married,tertiary,no,100.00,no,no,unknown,5,may,528,1,-1,0,unknown,no
68,59,management,divorced,tertiary,no,59.00,yes,no,unknown,5,may,273,1,-1,0,unknown,no
69,55,technician,married,secondary,no,1205.00,yes,no,unknown,5,may,158,2,-1,0,unknown,no
70,35,blue-collar,single,secondary,no,12223.00,yes,yes,unknown,5,may,177,1,-1,0,unknown,no
71,57,blue-collar,married,secondary,no,5935.00,yes,yes,unknown,5,may,258,1,-1,0,unknown,no
72,31,services,married,secondary,no,25.00,yes,yes,unknown,5,may,172,1,-1,0,unknown,no
73,54,management,married,secondary,no,282.00,yes,yes,unknown,5,may,154,1,-1,0,unknown,no
74,55,blue-collar,married,primary,no,23.00,yes,no,unknown,5,may,291,1,-1,0,unknown,no
75,43,technician,married,secondary,no,1937.00,yes,no,unknown,5,may,181,1,-1,0,unknown,no
76,53,technician,married,secondary,no,384.00,yes,no,unknown,5,may,176,1,-1,0,unknown,no
77,44,blue-collar,married,secondary,no,582.00,no,yes,unknown,5,may,211,1,-1,0,unknown,no
78,55,services,divorced,secondary,no,91.00,no,no,unknown,5,may,349,1,-1,0,unknown,no
79,49,services,divorced,secondary,no,0.00,yes,yes,unknown,5,may,272,1,-1,0,unknown,no
80,55,services,divorced,secondary,yes,1.00,yes,no,unknown,5,may,208,1,-1,0,unknown,no
81,45,admin,single,secondary,no,206.00,yes,no,unknown,5,may,193,1,-1,0,unknown,no
82,47,services,divorced,secondary,no,164.00,no,no,unknown,5,may,212,1,-1,0,unknown,no
83,42,technician,single,secondary,no,690.00,yes,no,unknown,5,may,20,1,-1,0,unknown,no
84,59,admin,married,secondary,no,2343.00,yes,no,unknown,5,may,1042,1,-1,0,unknown,yes
85,46,self-employed,married,tertiary,no,137.00,yes,yes,unknown,5,may,246,1,-1,0,unknown,no
86,51,blue-collar,married,primary,no,173.00,yes,no,unknown,5,may,529,2,-1,0,unknown,no
87,56,admin,married,secondary,no,45.00,no,no,unknown,5,may,1467,1,-1,0,unknown,yes
88,41,technician,married,secondary,no,1270.00,yes,no,unknown,5,may,1389,1,-1,0,unknown,yes
89,46,management,divorced,secondary,no,16.00,yes,yes,unknown,5,may,188,2,-1,0,unknown,no
90,57,retired,married,secondary,no,486.00,yes,no,unknown,5,may,180,2,-1,0,unknown,no
91,42,management,single,secondary,no,50.00,no,no,unknown,5,may,48,1,-1,0,unknown,no
92,30,technician,married,secondary,no,152.00,yes,yes,unknown,5,may,213,2,-1,0,unknown,no
93,60,admin,married,secondary,no,290.00,yes,no,unknown,5,may,583,1,-1,0,unknown,no
94,60,blue-collar,married,unknown,no,54.00,yes,no,unknown,5,may,221,1,-1,0,unknown,no
95,57,entrepreneur,divorced,secondary,no,-37.00,no,no,unknown,5,may,173,1,-1,0,unknown,no
96,36,management,married,tertiary,no,101.00,yes,yes,unknown,5,may,426,1,-1,0,unknown,no
97,55,blue-collar,married,secondary,no,383.00,no,no,unknown,5,may,287,1,-1,0,unknown,no
98,60,retired,married,tertiary,no,81.00,yes,no,unknown,5,may,101,1,-1,0,unknown,no
99,39,technician,married,secondary,no,0.00,yes,no,unknown,5,may,203,1,-1,0,unknown,no
100,46,management,married,tertiary,no,229.00,yes,no,unknown,5,may,197,1,-1,0,unknown,no
101,44,blue-collar,married,secondary,no,-674.00,yes,no,unknown,5,may,257,1,-1,0,unknown,no
102,53,blue-collar,married,primary,no,90.00,no,no,unknown,5,may,124,1,-1,0,unknown,no
103,52,blue-collar,married,primary,no,128.00,yes,no,unknown,5,may,229,1,-1,0,unknown,no
104,59,blue-collar,married,primary,no,179.00,yes,no,unknown,5,may,55,3,-1,0,unknown,no
105,27,technician,single,tertiary,no,0.00,yes,no,unknown,5,may,400,1,-1,0,unknown,no
106,44,blue-collar,married,secondary,no,54.00,yes,no,unknown,5,may,197,1,-1,0,unknown,no
107,47,technician,married,tertiary,no,151.00,yes,no,unknown,5,may,190,1,-1,0,unknown,no
108,34,admin,married,secondary,no,61.00,no,yes,unknown,5,may,21,1,-1,0,unknown,no
109,59,retired,single,secondary,no,30.00,yes,no,unknown,5,may,514,1,-1,0,unknown,no
110,45,management,married,tertiary,no,523.00,yes,no,unknown,5,may,849,2,-1,0,unknown,no
111,29,services,divorced,secondary,no,31.00,yes,no,unknown,5,may,194,1,-1,0,unknown,no
112,46,technician,divorced,secondary,no,79.00,no,no,unknown,5,may,144,1,-1,0,unknown,no
113,56,self-employed,married,primary,no,-34.00,yes,yes,unknown,5,may,212,2,-1,0,unknown,no
114,36,blue-collar,married,primary,no,448.00,yes,no,unknown,5,may,286,1,-1,0,unknown,no
115,59,retired,divorced,primary,no,81.00,yes,no,unknown,5,may,107,1,-1,0,unknown,no
116,44,blue-collar,married,secondary,no,144.00,yes,no,unknown,5,may,247,2,-1,0,unknown,no
117,41,admin,married,secondary,no,351.00,yes,no,unknown,5,may,518,1,-1,0,unknown,no
118,33,management,single,tertiary,no,-67.00,yes,no,unknown,5,may,364,1,-1,0,unknown,no
119,59,management,divorced,tertiary,no,262.00,no,no,unknown,5,may,178,1,-1,0,unknown,no
120,57,technician,married,primary,no,0.00,no,no,unknown,5,may,98,1,-1,0,unknown,no
121,56,technician,divorced,unknown,no,56.00,yes,no,unknown,5,may,439,1,-1,0,unknown,no
122,51,blue-collar,married,secondary,no,26.00,yes,no,unknown,5,may,79,1,-1,0,unknown,no
123,34,admin,married,unknown,no,3.00,yes,no,unknown,5,may,120,3,-1,0,unknown,no
124,43,services,married,secondary,no,41.00,yes,yes,unknown,5,may,127,2,-1,0,unknown,no
125,52,technician,married,tertiary,no,7.00,no,yes,unknown,5,may,175,1,-1,0,unknown,no
126,33,technician,single,secondary,no,105.00,yes,no,unknown,5,may,262,2,-1,0,unknown,no
127,29,admin,single,secondary,no,818.00,yes,yes,unknown,5,may,61,1,-1,0,unknown,no
128,34,services,married,secondary,no,-16.00,yes,yes,unknown,5,may,78,1,-1,0,unknown,no
129,31,blue-collar,married,secondary,no,0.00,yes,no,unknown,5,may,143,1,-1,0,unknown,no
130,55,services,married,secondary,no,2476.00,yes,no,unknown,5,may,579,1,-1,0,unknown,yes
131,55,management,married,unknown,no,1185.00,no,no,unknown,5,may,677,1,-1,0,unknown,no
132,32,admin,single,secondary,no,217.00,yes,no,unknown,5,may,345,1,-1,0,unknown,no
133,38,technician,single,secondary,no,1685.00,yes,no,unknown,5,may,185,1,-1,0,unknown,no
134,55,admin,single,secondary,no,802.00,yes,yes,unknown,5,may,100,2,-1,0,unknown,no
135,28,unemployed,single,tertiary,no,0.00,yes,no,unknown,5,may,125,2,-1,0,unknown,no
136,23,blue-collar,married,secondary,no,94.00,yes,no,unknown,5,may,193,1,-1,0,unknown,no
137,32,technician,single,secondary,no,0.00,yes,no,unknown,5,may,136,1,-1,0,unknown,no
138,43,services,single,unknown,no,0.00,no,no,unknown,5,may,73,1,-1,0,unknown,no
139,32,blue-collar,married,secondary,no,517.00,yes,no,unknown,5,may,528,1,-1,0,unknown,no
140,46,blue-collar,married,secondary,no,265.00,yes,no,unknown,5,may,541,1,-1,0,unknown,no
141,53,housemaid,divorced,primary,no,947.00,yes,no,unknown,5,may,163,1,-1,0,unknown,no
142,34,self-employed,single,secondary,no,3.00,yes,no,unknown,5,may,301,1,-1,0,unknown,no
143,57,unemployed,married,tertiary,no,42.00,no,no,unknown,5,may,46,1,-1,0,unknown,no
144,37,blue-collar,married,secondary,no,37.00,yes,no,unknown,5,may,204,1,-1,0,unknown,no
145,59,blue-collar,married,secondary,no,57.00,yes,no,unknown,5,may,98,1,-1,0,unknown,no
146,33,services,married,secondary,no,22.00,yes,no,unknown,5,may,71,1,-1,0,unknown,no
147,56,blue-collar,divorced,primary,no,8.00,yes,no,unknown,5,may,157,2,-1,0,unknown,no
148,48,unemployed,married,secondary,no,293.00,yes,no,unknown,5,may,243,1,-1,0,unknown,no
149,43,services,married,primary,no,3.00,yes,no,unknown,5,may,186,2,-1,0,unknown,no
150,54,blue-collar,married,primary,no,348.00,yes,no,unknown,5,may,579,2,-1,0,unknown,no
151,51,blue-collar,married,unknown,no,-19.00,yes,no,unknown,5,may,163,2,-1,0,unknown,no
152,26,student,single,secondary,no,0.00,yes,no,unknown,5,may,610,2,-1,0,unknown,no
153,40,management,married,tertiary,no,-4.00,yes,no,unknown,5,may,2033,1,-1,0,unknown,no
154,39,management,married,secondary,no,18.00,yes,no,unknown,5,may,85,1,-1,0,unknown,no
155,50,technician,married,primary,no,139.00,no,no,unknown,5,may,114,2,-1,0,unknown,no
156,41,services,married,secondary,no,0.00,yes,no,unknown,5,may,114,2,-1,0,unknown,no
157,51,blue-collar,married,unknown,no,1883.00,yes,no,unknown,5,may,57,1,-1,0,unknown,no
158,60,retired,divorced,secondary,no,216.00,yes,no,unknown,5,may,238,1,-1,0,unknown,no
159,52,blue-collar,married,secondary,no,782.00,yes,no,unknown,5,may,93,3,-1,0,unknown,no
160,48,blue-collar,married,secondary,no,904.00,yes,no,unknown,5,may,128,2,-1,0,unknown,no
161,48,services,married,unknown,no,1705.00,yes,no,unknown,5,may,107,1,-1,0,unknown,no
162,39,technician,single,tertiary,no,47.00,yes,no,unknown,5,may,181,1,-1,0,unknown,no
163,47,services,single,secondary,no,176.00,yes,no,unknown,5,may,303,2,-1,0,unknown,no
164,40,blue-collar,married,secondary,no,1225.00,yes,no,unknown,5,may,558,5,-1,0,unknown,no
165,45,technician,married,secondary,no,86.00,yes,no,unknown,5,may,270,1,-1,0,unknown,no
166,26,admin,single,secondary,no,82.00,yes,no,unknown,5,may,228,1,-1,0,unknown,no
167,52,management,married,tertiary,no,271.00,yes,no,unknown,5,may,99,1,-1,0,unknown,no
168,54,technician,married,secondary,no,1378.00,yes,no,unknown,5,may,240,1,-1,0,unknown,no
169,54,admin,married,tertiary,no,184.00,no,no,unknown,5,may,673,2,-1,0,unknown,yes
170,50,blue-collar,married,primary,no,0.00,no,no,unknown,5,may,233,3,-1,0,unknown,no
171,35,blue-collar,married,secondary,no,0.00,yes,no,unknown,5,may,1056,1,-1,0,unknown,no
172,44,services,married,secondary,no,1357.00,yes,yes,unknown,5,may,250,1,-1,0,unknown,no
173,53,entrepreneur,married,unknown,no,19.00,yes,no,unknown,5,may,252,1,-1,0,unknown,no
174,35,retired,single,primary,no,434.00,no,no,unknown,5,may,138,1,-1,0,unknown,no
175,60,admin,divorced,secondary,no,92.00,yes,no,unknown,5,may,130,1,-1,0,unknown,no
176,53,admin,divorced,secondary,no,1151.00,yes,no,unknown,5,may,412,1,-1,0,unknown,no
177,48,unemployed,married,secondary,no,41.00,yes,no,unknown,5,may,179,2,-1,0,unknown,no
178,34,technician,married,secondary,no,51.00,yes,no,unknown,5,may,19,2,-1,0,unknown,no
179,54,services,married,secondary,no,214.00,yes,no,unknown,5,may,458,2,-1,0,unknown,no
180,51,management,married,secondary,no,1161.00,yes,no,unknown,5,may,717,1,-1,0,unknown,no
181,31,services,married,tertiary,no,37.00,yes,no,unknown,5,may,313,1,-1,0,unknown,no
182,35,technician,divorced,secondary,no,787.00,yes,no,unknown,5,may,683,2,-1,0,unknown,no
183,35,services,married,secondary,no,59.00,yes,no,unknown,5,may,1077,1,-1,0,unknown,no
184,38,technician,married,secondary,no,253.00,yes,no,unknown,5,may,416,1,-1,0,unknown,no
185,36,admin,married,tertiary,no,211.00,yes,no,unknown,5,may,146,2,-1,0,unknown,no
186,58,retired,married,primary,no,235.00,yes,no,unknown,5,may,167,1,-1,0,unknown,no
187,40,services,divorced,unknown,no,4384.00,yes,no,unknown,5,may,315,1,-1,0,unknown,no
188,54,management,married,secondary,no,4080.00,no,no,unknown,5,may,140,1,-1,0,unknown,no
189,34,blue-collar,single,secondary,no,53.00,yes,yes,unknown,5,may,346,1,-1,0,unknown,no
190,31,management,single,tertiary,no,0.00,yes,no,unknown,5,may,562,1,-1,0,unknown,no
191,51,retired,married,secondary,no,2127.00,yes,no,unknown,5,may,172,1,-1,0,unknown,no
192,33,management,married,tertiary,no,377.00,yes,no,unknown,5,may,217,1,-1,0,unknown,no
193,55,management,married,tertiary,no,73.00,yes,no,unknown,5,may,142,2,-1,0,unknown,no
194,42,admin,married,secondary,no,445.00,yes,no,unknown,5,may,67,1,-1,0,unknown,no
195,34,blue-collar,married,secondary,no,243.00,yes,no,unknown,5,may,291,1,-1,0,unknown,no
196,33,blue-collar,single,secondary,no,307.00,yes,no,unknown,5,may,309,2,-1,0,unknown,no
197,38,services,married,secondary,no,155.00,yes,no,unknown,5,may,248,1,-1,0,unknown,no
198,50,technician,divorced,tertiary,no,173.00,no,yes,unknown,5,may,98,1,-1,0,unknown,no
199,43,management,married,tertiary,no,400.00,yes,no,unknown,5,may,256,1,-1,0,unknown,no
200,61,blue-collar,divorced,primary,no,1428.00,yes,no,unknown,5,may,82,2,-1,0,unknown,no
201,47,admin,married,secondary,no,219.00,yes,no,unknown,5,may,577,1,-1,0,unknown,no
202,48,self-employed,married,tertiary,no,7.00,yes,no,unknown,5,may,286,1,-1,0,unknown,no
203,44,blue-collar,married,secondary,no,575.00,yes,no,unknown,5,may,477,1,-1,0,unknown,no
204,35,student,single,unknown,no,298.00,yes,no,unknown,5,may,611,2,-1,0,unknown,no
205,35,services,married,secondary,no,0.00,yes,no,unknown,5,may,471,1,-1,0,unknown,no
206,50,services,married,secondary,no,5699.00,yes,no,unknown,5,may,381,2,-1,0,unknown,no
207,41,management,married,tertiary,no,176.00,yes,yes,unknown,5,may,42,1,-1,0,unknown,no
208,41,management,married,tertiary,no,517.00,yes,no,unknown,5,may,251,1,-1,0,unknown,no
209,39,services,single,unknown,no,257.00,yes,no,unknown,5,may,408,1,-1,0,unknown,no
210,42,retired,married,secondary,no,56.00,yes,no,unknown,5,may,215,1,-1,0,unknown,no
211,38,blue-collar,married,secondary,no,-390.00,yes,no,unknown,5,may,287,1,-1,0,unknown,no
212,53,retired,married,secondary,no,330.00,yes,no,unknown,5,may,216,2,-1,0,unknown,no
213,59,housemaid,divorced,primary,no,195.00,no,no,unknown,5,may,366,2,-1,0,unknown,no
214,36,services,married,secondary,no,301.00,yes,no,unknown,5,may,210,1,-1,0,unknown,no
215,54,blue-collar,married,primary,no,-41.00,yes,no,unknown,5,may,288,1,-1,0,unknown,no
216,40,technician,married,tertiary,no,483.00,yes,no,unknown,5,may,168,1,-1,0,unknown,no
217,47,unknown,married,unknown,no,28.00,no,no,unknown,5,may,338,2,-1,0,unknown,no
218,53,unemployed,married,unknown,no,13.00,no,no,unknown,5,may,410,3,-1,0,unknown,no
219,46,housemaid,married,primary,no,965.00,no,no,unknown,5,may,177,1,-1,0,unknown,no
220,39,management,married,tertiary,no,378.00,yes,yes,unknown,5,may,127,2,-1,0,unknown,no
221,40,unemployed,married,secondary,no,219.00,yes,no,unknown,5,may,357,1,-1,0,unknown,no
222,28,blue-collar,married,primary,no,324.00,yes,no,unknown,5,may,175,1,-1,0,unknown,no
223,35,entrepreneur,divorced,secondary,no,-69.00,yes,no,unknown,5,may,300,1,-1,0,unknown,no
224,55,retired,married,secondary,no,0.00,no,yes,unknown,5,may,136,1,-1,0,unknown,no
225,43,technician,divorced,unknown,no,205.00,yes,no,unknown,5,may,1419,1,-1,0,unknown,no
226,48,blue-collar,married,primary,no,278.00,yes,no,unknown,5,may,125,2,-1,0,unknown,no
227,58,management,married,unknown,no,1065.00,yes,no,unknown,5,may,213,3,-1,0,unknown,no
228,33,management,single,tertiary,no,34.00,yes,no,unknown,5,may,27,1,-1,0,unknown,no
229,36,blue-collar,married,unknown,no,1033.00,no,no,unknown,5,may,238,2,-1,0,unknown,no
230,53,services,divorced,secondary,no,1467.00,yes,no,unknown,5,may,124,1,-1,0,unknown,no
231,47,blue-collar,married,primary,no,-12.00,yes,no,unknown,5,may,18,1,-1,0,unknown,no
232,31,services,married,secondary,no,388.00,yes,no,unknown,5,may,730,2,-1,0,unknown,no
233,57,entrepreneur,married,secondary,no,294.00,yes,no,unknown,5,may,746,2,-1,0,unknown,no
234,53,blue-collar,married,unknown,no,1827.00,no,no,unknown,5,may,121,1,-1,0,unknown,no
235,55,blue-collar,married,primary,no,627.00,yes,no,unknown,5,may,247,1,-1,0,unknown,no
236,45,blue-collar,married,primary,no,25.00,yes,no,unknown,5,may,40,1,-1,0,unknown,no
237,53,admin,divorced,secondary,no,315.00,yes,no,unknown,5,may,181,2,-1,0,unknown,no
238,37,blue-collar,married,primary,no,0.00,yes,no,unknown,5,may,79,1,-1,0,unknown,no
239,44,admin,divorced,secondary,no,66.00,yes,no,unknown,5,may,206,1,-1,0,unknown,no
240,49,blue-collar,divorced,primary,no,-9.00,yes,yes,unknown,5,may,389,1,-1,0,unknown,no
241,46,technician,married,secondary,no,349.00,yes,yes,unknown,5,may,127,1,-1,0,unknown,no
242,43,entrepreneur,married,unknown,no,100.00,yes,no,unknown,5,may,702,1,-1,0,unknown,no
243,38,admin,married,secondary,no,0.00,no,no,unknown,5,may,151,1,-1,0,unknown,no
244,43,technician,married,secondary,no,434.00,yes,no,unknown,5,may,117,1,-1,0,unknown,no
245,49,management,married,tertiary,no,3237.00,yes,no,unknown,5,may,232,3,-1,0,unknown,no
246,42,management,married,unknown,no,275.00,no,no,unknown,5,may,408,2,-1,0,unknown,no
247,22,blue-collar,single,secondary,no,0.00,yes,no,unknown,5,may,179,2,-1,0,unknown,no
248,40,management,married,tertiary,no,207.00,yes,no,unknown,5,may,39,1,-1,0,unknown,no
249,39,blue-collar,married,secondary,no,483.00,yes,no,unknown,5,may,282,1,-1,0,unknown,no
250,51,services,married,secondary,no,2248.00,yes,no,unknown,5,may,714,2,-1,0,unknown,no
251,49,admin,married,secondary,no,428.00,yes,no,unknown,5,may,50,1,-1,0,unknown,no
252,53,blue-collar,married,secondary,no,0.00,yes,yes,unknown,5,may,181,1,-1,0,unknown,no
253,34,services,single,secondary,no,0.00,yes,no,unknown,5,may,142,1,-1,0,unknown,no
254,33,technician,divorced,secondary,no,140.00,yes,no,unknown,5,may,227,1,-1,0,unknown,no
255,50,management,single,tertiary,no,297.00,yes,no,unknown,5,may,119,1,-1,0,unknown,no
256,39,blue-collar,married,primary,no,279.00,yes,no,unknown,5,may,361,1,-1,0,unknown,no
257,59,entrepreneur,divorced,secondary,no,901.00,yes,no,unknown,5,may,73,3,-1,0,unknown,no
258,30,technician,single,secondary,no,2573.00,yes,no,unknown,5,may,67,2,-1,0,unknown,no
259,36,services,married,secondary,no,143.00,yes,yes,unknown,5,may,350,1,-1,0,unknown,no
260,40,blue-collar,married,secondary,no,475.00,yes,no,unknown,5,may,332,2,-1,0,unknown,no
261,53,blue-collar,married,secondary,no,70.00,yes,no,unknown,5,may,611,2,-1,0,unknown,no
262,34,management,single,tertiary,no,318.00,yes,no,unknown,5,may,113,2,-1,0,unknown,no
263,37,technician,married,secondary,no,275.00,yes,no,unknown,5,may,132,1,-1,0,unknown,no
264,42,management,divorced,tertiary,no,742.00,yes,no,unknown,5,may,58,3,-1,0,unknown,no
265,41,entrepreneur,married,primary,no,236.00,yes,no,unknown,5,may,151,1,-1,0,unknown,no
266,30,student,single,tertiary,no,25.00,yes,no,unknown,5,may,89,2,-1,0,unknown,no
267,37,management,single,tertiary,no,600.00,yes,no,unknown,5,may,152,1,-1,0,unknown,no
268,39,admin,divorced,secondary,no,-349.00,yes,no,unknown,5,may,611,2,-1,0,unknown,no
269,41,blue-collar,married,primary,no,183.00,yes,yes,unknown,5,may,110,2,-1,0,unknown,no
270,40,blue-collar,married,primary,no,0.00,yes,no,unknown,5,may,463,1,-1,0,unknown,no
271,42,management,single,tertiary,no,0.00,yes,yes,unknown,5,may,562,2,-1,0,unknown,yes
272,40,blue-collar,divorced,primary,no,0.00,yes,no,unknown,5,may,962,1,-1,0,unknown,no
273,57,technician,married,secondary,no,1078.00,yes,no,unknown,5,may,10,4,-1,0,unknown,no
274,56,entrepreneur,divorced,secondary,no,155.00,no,no,unknown,5,may,118,3,-1,0,unknown,no
275,37,admin,married,secondary,no,190.00,yes,no,unknown,5,may,92,2,-1,0,unknown,no
276,59,retired,married,secondary,no,319.00,yes,no,unknown,5,may,143,3,-1,0,unknown,no
277,39,services,divorced,secondary,no,-185.00,yes,no,unknown,5,may,189,3,-1,0,unknown,no
278,49,services,married,secondary,no,47.00,no,no,unknown,5,may,234,2,-1,0,unknown,no
279,38,services,single,secondary,no,570.00,yes,no,unknown,5,may,75,2,-1,0,unknown,no
280,36,self-employed,married,tertiary,no,19.00,no,no,unknown,5,may,189,2,-1,0,unknown,no
281,50,blue-collar,married,primary,no,61.00,yes,no,unknown,5,may,621,3,-1,0,unknown,no
282,41,admin,married,secondary,no,-62.00,yes,yes,unknown,5,may,55,2,-1,0,unknown,no
283,54,technician,married,tertiary,no,258.00,no,no,unknown,5,may,310,4,-1,0,unknown,no
284,58,blue-collar,married,primary,no,76.00,yes,no,unknown,5,may,156,2,-1,0,unknown,no
285,30,blue-collar,single,secondary,no,0.00,yes,no,unknown,5,may,5,2,-1,0,unknown,no
286,33,admin,single,secondary,no,352.00,yes,no,unknown,5,may,225,2,-1,0,unknown,no
287,47,admin,married,secondary,no,368.00,yes,no,unknown,5,may,125,2,-1,0,unknown,no
288,50,technician,single,tertiary,no,339.00,yes,no,unknown,5,may,2,3,-1,0,unknown,no
289,32,blue-collar,married,secondary,no,1331.00,yes,no,unknown,5,may,286,2,-1,0,unknown,no
290,40,self-employed,married,secondary,no,672.00,yes,no,unknown,5,may,164,2,-1,0,unknown,no
291,37,management,married,tertiary,no,58.00,yes,no,unknown,5,may,98,2,-1,0,unknown,no
292,54,technician,single,unknown,no,447.00,yes,no,unknown,5,may,742,2,-1,0,unknown,no
293,24,student,single,secondary,no,423.00,yes,no,unknown,5,may,226,3,-1,0,unknown,no
294,54,management,married,tertiary,no,0.00,no,no,unknown,5,may,120,2,-1,0,unknown,no
295,34,technician,married,secondary,no,19.00,yes,no,unknown,5,may,362,4,-1,0,unknown,no
296,56,technician,divorced,primary,no,13.00,yes,no,unknown,5,may,357,2,-1,0,unknown,no
297,31,blue-collar,single,secondary,no,3.00,yes,no,unknown,5,may,200,2,-1,0,unknown,no
298,24,student,single,secondary,no,82.00,yes,no,unknown,5,may,204,2,-1,0,unknown,no
299,42,blue-collar,divorced,primary,no,28.00,yes,no,unknown,5,may,126,3,-1,0,unknown,no
300,57,technician,married,secondary,no,792.00,yes,no,unknown,5,may,65,2,-1,0,unknown,no
301,42,blue-collar,married,unknown,no,408.00,yes,no,unknown,5,may,107,2,-1,0,unknown,no
302,51,admin,married,secondary,no,531.00,yes,no,unknown,5,may,267,2,-1,0,unknown,no
303,57,retired,married,secondary,no,211.00,yes,no,unknown,5,may,248,2,-1,0,unknown,no
304,36,services,single,secondary,no,62.00,yes,no,unknown,5,may,215,2,-1,0,unknown,no
305,53,services,married,unknown,no,257.00,yes,no,unknown,5,may,209,2,-1,0,unknown,no
306,50,technician,married,secondary,no,1234.00,yes,no,unknown,5,may,205,2,-1,0,unknown,no
307,54,management,married,tertiary,no,313.00,yes,no,unknown,5,may,83,2,-1,0,unknown,no
308,55,blue-collar,married,secondary,no,89.00,yes,no,unknown,5,may,106,3,-1,0,unknown,no
309,44,blue-collar,married,secondary,no,129.00,yes,yes,unknown,5,may,189,2,-1,0,unknown,no
310,43,management,married,unknown,no,0.00,yes,no,unknown,5,may,105,2,-1,0,unknown,no
311,56,admin,married,secondary,no,353.00,yes,no,unknown,5,may,106,2,-1,0,unknown,no
312,54,technician,married,unknown,no,851.00,yes,no,unknown,5,may,108,2,-1,0,unknown,no
313,55,services,divorced,primary,no,96.00,yes,yes,unknown,5,may,311,2,-1,0,unknown,no
314,37,services,divorced,secondary,no,398.00,yes,yes,unknown,5,may,214,2,-1,0,unknown,no
315,33,admin,single,tertiary,no,193.00,no,no,unknown,5,may,132,2,-1,0,unknown,no
316,46,admin,married,secondary,no,-358.00,yes,no,unknown,5,may,358,2,-1,0,unknown,no
317,36,blue-collar,married,secondary,no,539.00,yes,yes,unknown,5,may,453,2,-1,0,unknown,no
318,51,technician,single,secondary,no,0.00,yes,no,unknown,5,may,364,2,-1,0,unknown,no
319,40,retired,single,primary,no,0.00,no,no,unknown,5,may,136,2,-1,0,unknown,no
320,42,blue-collar,married,secondary,no,490.00,yes,no,unknown,5,may,386,2,-1,0,unknown,no
321,51,blue-collar,married,secondary,no,0.00,yes,no,unknown,5,may,173,2,-1,0,unknown,no
322,49,blue-collar,married,unknown,no,403.00,yes,no,unknown,5,may,241,2,-1,0,unknown,no
323,48,management,married,secondary,no,161.00,yes,no,unknown,5,may,224,3,-1,0,unknown,no
324,32,technician,divorced,tertiary,no,2558.00,no,no,unknown,5,may,148,2,-1,0,unknown,no
325,31,admin,single,secondary,no,98.00,yes,no,unknown,5,may,196,2,-1,0,unknown,no
326,55,management,single,tertiary,no,115.00,no,no,unknown,5,may,111,4,-1,0,unknown,no
327,40,blue-collar,single,secondary,no,436.00,yes,no,unknown,5,may,231,3,-1,0,unknown,no
328,47,technician,married,tertiary,no,831.00,yes,no,unknown,5,may,316,3,-1,0,unknown,no
329,57,technician,married,unknown,no,206.00,yes,no,unknown,5,may,216,3,-1,0,unknown,no
330,41,blue-collar,married,secondary,no,290.00,yes,no,unknown,5,may,240,2,-1,0,unknown,no
331,48,blue-collar,married,secondary,no,1.00,no,no,unknown,5,may,669,3,-1,0,unknown,no
332,42,blue-collar,married,unknown,no,57.00,yes,no,unknown,5,may,425,2,-1,0,unknown,no
333,30,blue-collar,single,secondary,no,-457.00,yes,no,unknown,5,may,143,2,-1,0,unknown,no
334,58,management,single,tertiary,no,1387.00,yes,no,unknown,5,may,174,5,-1,0,unknown,no
335,45,management,divorced,tertiary,no,24598.00,yes,no,unknown,5,may,313,3,-1,0,unknown,no
336,49,blue-collar,married,secondary,no,30.00,yes,no,unknown,5,may,135,4,-1,0,unknown,no
337,42,admin,single,secondary,no,1022.00,yes,no,unknown,5,may,146,2,-1,0,unknown,no
338,53,technician,married,secondary,no,56.00,yes,yes,unknown,5,may,152,2,-1,0,unknown,no
339,51,admin,single,secondary,yes,-2.00,no,no,unknown,5,may,402,3,-1,0,unknown,no
340,32,services,single,secondary,no,121.00,yes,no,unknown,5,may,213,2,-1,0,unknown,no
341,41,blue-collar,single,secondary,no,842.00,yes,no,unknown,5,may,144,3,-1,0,unknown,no
342,43,management,divorced,secondary,no,693.00,yes,no,unknown,5,may,124,3,-1,0,unknown,no
343,40,blue-collar,divorced,secondary,no,-333.00,yes,no,unknown,5,may,183,2,-1,0,unknown,no
344,50,blue-collar,married,primary,no,1533.00,yes,no,unknown,5,may,325,2,-1,0,unknown,no
345,34,management,married,tertiary,no,46.00,yes,no,unknown,5,may,39,4,-1,0,unknown,no
346,53,services,married,unknown,no,18.00,no,no,unknown,5,may,503,2,-1,0,unknown,no
347,45,technician,married,secondary,no,44.00,yes,no,unknown,5,may,95,4,-1,0,unknown,no
348,39,blue-collar,married,primary,no,-100.00,yes,no,unknown,5,may,680,2,-1,0,unknown,no
349,44,services,married,tertiary,no,510.00,yes,no,unknown,5,may,421,4,-1,0,unknown,no
350,55,management,married,tertiary,no,685.00,yes,no,unknown,5,may,174,3,-1,0,unknown,no
351,46,management,single,tertiary,no,187.00,yes,no,unknown,5,may,113,2,-1,0,unknown,no
352,45,blue-collar,married,secondary,no,66.00,yes,no,unknown,5,may,808,2,-1,0,unknown,no
353,34,admin,married,secondary,no,560.00,yes,no,unknown,5,may,198,3,-1,0,unknown,no
354,36,blue-collar,married,secondary,no,0.00,yes,no,unknown,5,may,195,2,-1,0,unknown,no
355,59,unknown,divorced,unknown,no,27.00,no,no,unknown,5,may,347,3,-1,0,unknown,no
356,31,admin,single,secondary,no,12.00,yes,no,unknown,5,may,208,2,-1,0,unknown,no
357,44,blue-collar,single,secondary,no,34.00,yes,no,unknown,5,may,404,4,-1,0,unknown,no
358,33,entrepreneur,single,tertiary,no,1068.00,yes,no,unknown,5,may,396,2,-1,0,unknown,no
359,40,blue-collar,married,secondary,no,211.00,yes,no,unknown,5,may,216,4,-1,0,unknown,no
360,46,admin,single,tertiary,no,377.00,yes,no,unknown,5,may,98,2,-1,0,unknown,no
361,48,management,married,tertiary,no,263.00,yes,no,unknown,5,may,350,2,-1,0,unknown,no
362,42,services,married,secondary,no,1263.00,yes,no,unknown,6,may,114,2,-1,0,unknown,no
363,27,services,married,secondary,no,8.00,yes,no,unknown,6,may,88,3,-1,0,unknown,no
364,48,admin,married,secondary,no,126.00,yes,yes,unknown,6,may,379,2,-1,0,unknown,no
365,59,admin,married,secondary,no,230.00,yes,no,unknown,6,may,190,3,-1,0,unknown,no
366,46,technician,married,tertiary,no,841.00,yes,no,unknown,6,may,158,1,-1,0,unknown,no
367,38,admin,divorced,secondary,no,308.00,yes,no,unknown,6,may,102,1,-1,0,unknown,no
368,43,management,divorced,tertiary,no,1.00,yes,no,unknown,6,may,306,1,-1,0,unknown,no
369,38,admin,divorced,tertiary,no,86.00,yes,no,unknown,6,may,218,1,-1,0,unknown,no
370,23,student,single,secondary,no,157.00,yes,no,unknown,6,may,54,1,-1,0,unknown,no
371,34,services,married,secondary,no,22.00,yes,no,unknown,6,may,344,1,-1,0,unknown,no
372,38,admin,married,secondary,no,46.00,yes,yes,unknown,6,may,195,1,-1,0,unknown,no
373,37,blue-collar,married,secondary,no,1293.00,no,no,unknown,6,may,652,1,-1,0,unknown,no
374,25,admin,single,secondary,no,122.00,yes,no,unknown,6,may,286,1,-1,0,unknown,no
375,48,blue-collar,married,unknown,no,131.00,yes,no,unknown,6,may,189,1,-1,0,unknown,no
376,49,blue-collar,single,secondary,no,143.00,yes,no,unknown,6,may,83,1,-1,0,unknown,no
377,38,admin,single,secondary,no,393.00,no,no,unknown,6,may,184,2,-1,0,unknown,no
378,43,blue-collar,married,primary,no,98.00,yes,no,unknown,6,may,235,1,-1,0,unknown,no
379,33,management,married,tertiary,no,0.00,yes,no,unknown,6,may,290,1,-1,0,unknown,no
380,55,blue-collar,married,secondary,no,224.00,yes,no,unknown,6,may,232,1,-1,0,unknown,no
381,38,blue-collar,married,secondary,no,757.00,yes,no,unknown,6,may,133,1,-1,0,unknown,no
382,49,services,married,secondary,no,245.00,yes,yes,unknown,6,may,318,1,-1,0,unknown,no
383,40,management,married,secondary,no,8486.00,no,no,unknown,6,may,260,3,-1,0,unknown,no
384,43,admin,married,unknown,no,350.00,no,no,unknown,6,may,437,1,-1,0,unknown,no
385,38,blue-collar,married,secondary,no,20.00,yes,no,unknown,6,may,402,1,-1,0,unknown,no
386,58,services,married,secondary,no,1667.00,yes,yes,unknown,6,may,85,1,-1,0,unknown,no
387,57,technician,married,unknown,no,345.00,yes,no,unknown,6,may,125,1,-1,0,unknown,no
388,32,unemployed,married,secondary,no,10.00,yes,no,unknown,6,may,501,4,-1,0,unknown,no
389,56,management,married,tertiary,no,830.00,yes,yes,unknown,6,may,1201,1,-1,0,unknown,yes
390,58,blue-collar,divorced,unknown,no,29.00,yes,no,unknown,6,may,253,1,-1,0,unknown,no
391,60,retired,divorced,secondary,no,545.00,yes,no,unknown,6,may,1030,1,-1,0,unknown,yes
392,37,technician,married,tertiary,no,8730.00,yes,no,unknown,6,may,149,1,-1,0,unknown,no
393,46,technician,divorced,tertiary,no,477.00,yes,no,unknown,6,may,114,1,-1,0,unknown,no
394,27,admin,married,secondary,no,4.00,yes,no,unknown,6,may,243,1,-1,0,unknown,no
395,43,blue-collar,married,secondary,no,1205.00,yes,no,unknown,6,may,769,2,-1,0,unknown,no
396,32,technician,single,secondary,no,0.00,yes,yes,unknown,6,may,135,3,-1,0,unknown,no
397,40,admin,single,secondary,no,263.00,yes,no,unknown,6,may,231,1,-1,0,unknown,no
398,38,admin,married,secondary,no,1.00,no,no,unknown,6,may,76,1,-1,0,unknown,no
399,34,blue-collar,married,secondary,no,283.00,no,yes,unknown,6,may,199,1,-1,0,unknown,no
400,47,blue-collar,married,primary,no,206.00,yes,no,unknown,6,may,152,1,-1,0,unknown,no
401,42,housemaid,married,primary,no,17.00,yes,no,unknown,6,may,124,1,-1,0,unknown,no
402,48,technician,married,secondary,no,141.00,yes,yes,unknown,6,may,424,1,-1,0,unknown,no
403,29,self-employed,single,tertiary,no,16.00,yes,no,unknown,6,may,43,1,-1,0,unknown,no
404,50,services,married,secondary,no,206.00,yes,no,unknown,6,may,154,1,-1,0,unknown,no
405,52,technician,married,unknown,no,7.00,no,no,unknown,6,may,203,2,-1,0,unknown,no
406,50,management,married,tertiary,no,0.00,no,no,unknown,6,may,326,1,-1,0,unknown,no
407,58,retired,married,tertiary,no,0.00,no,no,unknown,6,may,393,1,-1,0,unknown,no
408,46,blue-collar,divorced,primary,no,1927.00,yes,no,unknown,6,may,241,3,-1,0,unknown,no
409,38,technician,married,secondary,no,284.00,yes,no,unknown,6,may,483,1,-1,0,unknown,no
410,46,blue-collar,married,secondary,no,1660.00,yes,no,unknown,6,may,259,1,-1,0,unknown,no
411,32,services,single,secondary,no,406.00,yes,no,unknown,6,may,227,1,-1,0,unknown,no
412,51,blue-collar,married,primary,no,230.00,yes,no,unknown,6,may,673,1,-1,0,unknown,no
413,39,admin,single,secondary,no,-25.00,yes,no,unknown,6,may,576,1,-1,0,unknown,no
414,48,admin,married,secondary,no,182.00,yes,no,unknown,6,may,180,2,-1,0,unknown,no
415,36,entrepreneur,married,tertiary,no,1169.00,yes,no,unknown,6,may,168,2,-1,0,unknown,no
416,34,admin,divorced,secondary,no,67.00,yes,no,unknown,6,may,90,1,-1,0,unknown,no
417,40,technician,married,secondary,no,77.00,no,no,unknown,6,may,505,1,-1,0,unknown,no
418,43,unemployed,married,secondary,no,0.00,yes,no,unknown,6,may,245,1,-1,0,unknown,no
419,52,blue-collar,divorced,primary,no,55.00,yes,yes,unknown,6,may,186,1,-1,0,unknown,no
420,33,technician,married,secondary,yes,72.00,yes,no,unknown,6,may,623,1,-1,0,unknown,no
421,49,management,single,tertiary,no,163.00,yes,no,unknown,6,may,496,3,-1,0,unknown,no
422,32,management,single,tertiary,no,151.00,yes,no,unknown,6,may,118,1,-1,0,unknown,no
423,39,admin,single,secondary,no,113.00,yes,no,unknown,6,may,342,1,-1,0,unknown,no
424,40,blue-collar,married,secondary,no,0.00,yes,no,unknown,6,may,225,1,-1,0,unknown,no
425,38,technician,single,tertiary,no,9.00,yes,no,unknown,6,may,185,3,-1,0,unknown,no
426,43,management,married,secondary,no,375.00,yes,no,unknown,6,may,196,2,-1,0,unknown,no
427,39,services,married,secondary,no,1142.00,yes,no,unknown,6,may,276,1,-1,0,unknown,no
428,54,blue-collar,married,primary,no,2102.00,yes,no,unknown,6,may,76,1,-1,0,unknown,no
429,38,technician,single,tertiary,no,4325.00,yes,no,unknown,6,may,87,1,-1,0,unknown,no
430,40,blue-collar,married,secondary,no,217.00,yes,no,unknown,6,may,195,1,-1,0,unknown,no
431,55,admin,married,secondary,no,131.00,yes,no,unknown,6,may,744,1,-1,0,unknown,no
432,42,management,married,tertiary,no,1680.00,yes,no,unknown,6,may,765,1,-1,0,unknown,no
433,39,blue-collar,married,secondary,no,0.00,yes,no,unknown,6,may,262,1,-1,0,unknown,no
434,40,blue-collar,married,primary,no,46.00,yes,no,unknown,6,may,119,1,-1,0,unknown,no
435,32,blue-collar,married,secondary,no,320.00,yes,no,unknown,6,may,198,2,-1,0,unknown,no
436,55,admin,married,secondary,no,183.00,yes,no,unknown,6,may,150,1,-1,0,unknown,no
437,45,blue-collar,married,secondary,no,39.00,no,no,unknown,6,may,241,1,-1,0,unknown,no
438,35,management,single,tertiary,no,560.00,yes,no,unknown,6,may,181,1,-1,0,unknown,no
439,58,technician,divorced,secondary,no,469.00,no,no,unknown,6,may,196,1,-1,0,unknown,no
440,35,admin,married,secondary,no,530.00,yes,no,unknown,6,may,149,1,-1,0,unknown,no
441,49,services,married,primary,no,61.00,yes,no,unknown,6,may,246,1,-1,0,unknown,no
442,34,technician,single,tertiary,no,242.00,yes,no,unknown,6,may,112,1,-1,0,unknown,no
443,36,blue-collar,married,secondary,no,139.00,yes,no,unknown,6,may,309,2,-1,0,unknown,no
444,24,self-employed,single,secondary,no,0.00,yes,no,unknown,6,may,278,1,-1,0,unknown,no
445,34,technician,married,secondary,no,367.00,yes,no,unknown,6,may,140,1,-1,0,unknown,no
446,51,admin,divorced,secondary,no,228.00,yes,no,unknown,6,may,136,1,-1,0,unknown,no
447,39,technician,single,unknown,no,45248.00,yes,no,unknown,6,may,1623,1,-1,0,unknown,yes
448,50,self-employed,married,unknown,no,-84.00,yes,no,unknown,6,may,101,1,-1,0,unknown,no
449,32,services,single,secondary,no,310.00,yes,no,unknown,6,may,144,1,-1,0,unknown,no
450,42,blue-collar,married,unknown,no,132.00,yes,no,unknown,6,may,238,1,-1,0,unknown,no
451,50,technician,married,secondary,no,797.00,yes,no,unknown,6,may,354,1,-1,0,unknown,no
452,40,services,married,secondary,no,71.00,no,no,unknown,6,may,79,1,-1,0,unknown,no
453,46,management,divorced,unknown,no,2.00,yes,no,unknown,6,may,187,1,-1,0,unknown,no
454,37,management,married,tertiary,no,231.00,yes,yes,unknown,6,may,451,2,-1,0,unknown,no
455,34,blue-collar,married,secondary,no,270.00,yes,yes,unknown,6,may,159,1,-1,0,unknown,no
456,44,blue-collar,married,secondary,no,274.00,yes,yes,unknown,6,may,409,1,-1,0,unknown,no
457,40,admin,single,secondary,no,-109.00,yes,yes,unknown,6,may,170,1,-1,0,unknown,no
458,37,technician,married,secondary,no,1.00,yes,no,unknown,6,may,608,1,-1,0,unknown,yes
459,33,blue-collar,single,secondary,yes,-60.00,no,no,unknown,6,may,243,1,-1,0,unknown,no
460,35,blue-collar,married,secondary,no,89.00,yes,no,unknown,6,may,145,2,-1,0,unknown,no
461,58,blue-collar,divorced,secondary,no,-11.00,no,no,unknown,6,may,112,1,-1,0,unknown,no
462,39,blue-collar,married,primary,no,0.00,yes,no,unknown,6,may,262,2,-1,0,unknown,no
463,43,blue-collar,married,secondary,no,-509.00,yes,no,unknown,6,may,124,1,-1,0,unknown,no
464,39,unemployed,married,primary,no,408.00,yes,no,unknown,6,may,53,1,-1,0,unknown,no
465,36,services,single,primary,no,58.00,yes,no,unknown,6,may,134,1,-1,0,unknown,no
466,57,retired,single,secondary,no,1640.00,no,yes,unknown,6,may,204,4,-1,0,unknown,no
467,36,admin,single,secondary,no,20.00,yes,no,unknown,6,may,186,1,-1,0,unknown,no
468,50,blue-collar,married,primary,no,71.00,yes,no,unknown,6,may,678,1,-1,0,unknown,no
469,55,blue-collar,married,secondary,no,52.00,yes,no,unknown,6,may,182,1,-1,0,unknown,no
470,44,self-employed,married,tertiary,no,292.00,yes,no,unknown,6,may,162,1,-1,0,unknown,no
471,44,services,divorced,secondary,no,424.00,yes,no,unknown,6,may,27,1,-1,0,unknown,no
472,39,housemaid,single,primary,no,109.00,yes,no,unknown,6,may,699,3,-1,0,unknown,no
473,46,blue-collar,married,unknown,no,1044.00,yes,no,unknown,6,may,43,1,-1,0,unknown,no
474,39,blue-collar,married,secondary,no,983.00,yes,no,unknown,6,may,97,1,-1,0,unknown,no
475,34,admin,married,secondary,no,869.00,no,no,unknown,6,may,1677,1,-1,0,unknown,yes
476,40,blue-collar,married,primary,no,668.00,yes,no,unknown,6,may,283,2,-1,0,unknown,no
477,50,management,married,tertiary,no,964.00,yes,no,unknown,6,may,323,1,-1,0,unknown,no
478,31,management,single,secondary,no,301.00,yes,no,unknown,6,may,82,1,-1,0,unknown,no
479,37,admin,single,secondary,no,140.00,yes,no,unknown,6,may,310,1,-1,0,unknown,no
480,39,management,single,secondary,no,1877.00,yes,no,unknown,6,may,185,1,-1,0,unknown,no
481,51,blue-collar,married,primary,no,1127.00,yes,no,unknown,6,may,47,1,-1,0,unknown,no
482,41,technician,married,secondary,no,871.00,yes,no,unknown,6,may,145,1,-1,0,unknown,no
483,41,technician,married,secondary,no,767.00,yes,yes,unknown,6,may,204,1,-1,0,unknown,no
484,43,blue-collar,married,secondary,no,0.00,no,no,unknown,6,may,187,1,-1,0,unknown,no
485,30,services,single,secondary,no,209.00,yes,no,unknown,6,may,30,2,-1,0,unknown,no
486,54,management,divorced,primary,no,0.00,no,no,unknown,6,may,472,1,-1,0,unknown,no
487,43,blue-collar,divorced,secondary,no,110.00,yes,yes,unknown,6,may,448,1,-1,0,unknown,no
488,59,management,divorced,tertiary,no,-76.00,yes,yes,unknown,6,may,264,1,-1,0,unknown,no
489,47,technician,married,unknown,no,178.00,yes,no,unknown,6,may,169,1,-1,0,unknown,no
490,40,blue-collar,married,primary,no,-66.00,yes,no,unknown,6,may,288,1,-1,0,unknown,no
491,32,technician,married,secondary,no,0.00,yes,no,unknown,6,may,176,2,-1,0,unknown,no
492,29,blue-collar,married,secondary,no,1.00,yes,no,unknown,6,may,215,1,-1,0,unknown,no
493,36,blue-collar,married,secondary,no,0.00,yes,no,unknown,6,may,337,1,-1,0,unknown,no
494,55,unemployed,married,tertiary,no,5345.00,no,no,unknown,6,may,278,1,-1,0,unknown,no
495,30,blue-collar,divorced,secondary,no,-209.00,yes,no,unknown,6,may,188,2,-1,0,unknown,no
496,39,admin,single,secondary,no,0.00,yes,no,unknown,6,may,174,2,-1,0,unknown,no
497,39,blue-collar,divorced,secondary,no,42.00,yes,no,unknown,6,may,226,2,-1,0,unknown,no
498,50,blue-collar,divorced,secondary,no,41.00,yes,no,unknown,6,may,190,1,-1,0,unknown,no
499,44,blue-collar,married,secondary,no,-99.00,yes,no,unknown,6,may,111,2,-1,0,unknown,no
500,37,technician,single,secondary,no,17.00,yes,no,unknown,6,may,164,1,-1,0,unknown,no
501,46,admin,married,primary,no,276.00,yes,yes,unknown,6,may,157,2,-1,0,unknown,no
502,32,technician,single,unknown,no,-170.00,no,no,unknown,6,may,46,1,-1,0,unknown,no
503,37,management,single,tertiary,no,230.00,yes,yes,unknown,6,may,374,1,-1,0,unknown,no
504,29,blue-collar,married,secondary,no,9.00,yes,no,unknown,6,may,349,1,-1,0,unknown,no
505,41,blue-collar,married,secondary,no,946.00,yes,no,unknown,6,may,325,1,-1,0,unknown,no
506,45,blue-collar,married,primary,no,1297.00,yes,no,unknown,6,may,233,2,-1,0,unknown,no
507,57,retired,divorced,secondary,no,-331.00,yes,no,unknown,6,may,531,1,-1,0,unknown,no
508,48,blue-collar,single,secondary,no,44.00,yes,no,unknown,6,may,153,1,-1,0,unknown,no
509,60,retired,married,secondary,yes,15.00,no,no,unknown,6,may,80,1,-1,0,unknown,no
510,26,admin,single,secondary,no,712.00,yes,no,unknown,6,may,232,1,-1,0,unknown,no
511,58,retired,married,secondary,no,5435.00,yes,no,unknown,6,may,118,1,-1,0,unknown,no
512,34,admin,married,secondary,no,507.00,yes,no,unknown,6,may,190,1,-1,0,unknown,no
513,55,unemployed,divorced,secondary,no,387.00,yes,no,unknown,6,may,918,1,-1,0,unknown,yes
514,41,blue-collar,married,primary,no,0.00,yes,yes,unknown,6,may,238,1,-1,0,unknown,no
515,50,management,divorced,secondary,no,1716.00,yes,no,unknown,6,may,82,1,-1,0,unknown,no
516,49,entrepreneur,married,secondary,no,167.00,yes,yes,unknown,6,may,198,3,-1,0,unknown,no
517,44,admin,married,unknown,no,40.00,no,yes,unknown,6,may,160,2,-1,0,unknown,no
518,44,blue-collar,married,primary,no,148.00,yes,no,unknown,6,may,211,1,-1,0,unknown,no
519,31,technician,married,secondary,no,17.00,yes,yes,unknown,6,may,120,1,-1,0,unknown,no
520,34,blue-collar,single,tertiary,no,1011.00,yes,no,unknown,6,may,136,1,-1,0,unknown,no
521,46,management,single,unknown,no,1527.00,yes,no,unknown,6,may,269,1,-1,0,unknown,no
522,42,management,married,tertiary,no,744.00,no,no,unknown,6,may,157,1,-1,0,unknown,no
523,52,admin,married,secondary,no,484.00,yes,no,unknown,6,may,128,1,-1,0,unknown,no
524,29,management,single,tertiary,no,0.00,yes,no,unknown,6,may,211,1,-1,0,unknown,no
525,53,retired,married,primary,no,136.00,yes,no,unknown,6,may,267,2,-1,0,unknown,no
526,43,blue-collar,married,secondary,no,1335.00,yes,no,unknown,6,may,371,2,-1,0,unknown,no
527,38,management,married,secondary,no,517.00,yes,no,unknown,6,may,288,2,-1,0,unknown,no
528,46,management,married,tertiary,no,459.00,yes,no,unknown,6,may,221,1,-1,0,unknown,no
529,48,management,divorced,unknown,no,549.00,yes,no,unknown,6,may,427,1,-1,0,unknown,no
530,30,admin,divorced,secondary,no,83.00,yes,yes,unknown,6,may,310,1,-1,0,unknown,no
531,44,blue-collar,married,primary,no,213.00,no,no,unknown,6,may,158,1,-1,0,unknown,no
532,31,housemaid,married,primary,no,203.00,yes,no,unknown,6,may,604,3,-1,0,unknown,no
533,42,services,single,secondary,no,518.00,yes,no,unknown,6,may,198,1,-1,0,unknown,no
534,40,management,single,tertiary,no,3877.00,yes,no,unknown,6,may,145,1,-1,0,unknown,no
535,52,admin,married,secondary,no,1236.00,yes,no,unknown,6,may,247,1,-1,0,unknown,no
536,45,blue-collar,divorced,secondary,no,756.00,yes,no,unknown,6,may,179,2,-1,0,unknown,no
537,48,blue-collar,married,secondary,no,157.00,yes,no,unknown,6,may,73,1,-1,0,unknown,no
538,45,blue-collar,married,primary,no,-66.00,yes,no,unknown,6,may,263,2,-1,0,unknown,no
539,34,blue-collar,married,unknown,no,245.00,yes,no,unknown,6,may,13,1,-1,0,unknown,no
540,34,blue-collar,married,primary,no,-144.00,yes,no,unknown,6,may,79,2,-1,0,unknown,no
541,46,blue-collar,married,secondary,no,71.00,yes,no,unknown,6,may,416,1,-1,0,unknown,no
542,49,services,divorced,secondary,no,505.00,yes,no,unknown,6,may,162,1,-1,0,unknown,no
543,50,technician,married,primary,no,249.00,yes,no,unknown,6,may,129,1,-1,0,unknown,no
544,34,admin,single,secondary,no,0.00,yes,no,unknown,6,may,150,1,-1,0,unknown,no
545,40,unemployed,single,secondary,no,11.00,yes,no,unknown,6,may,43,1,-1,0,unknown,no
546,36,admin,married,secondary,no,639.00,yes,no,unknown,6,may,191,1,-1,0,unknown,no
547,59,blue-collar,divorced,unknown,no,124.00,yes,no,unknown,6,may,26,1,-1,0,unknown,no
548,45,blue-collar,married,secondary,no,82.00,yes,no,unknown,6,may,250,1,-1,0,unknown,no
549,36,self-employed,married,tertiary,no,107.00,yes,no,unknown,6,may,146,1,-1,0,unknown,no
550,56,services,married,secondary,no,473.00,yes,no,unknown,6,may,416,1,-1,0,unknown,no
551,42,services,divorced,secondary,no,372.00,yes,yes,unknown,6,may,121,2,-1,0,unknown,no
552,30,admin,married,secondary,no,46.00,yes,no,unknown,6,may,114,2,-1,0,unknown,no
553,30,student,single,tertiary,no,34.00,yes,no,unknown,6,may,289,1,-1,0,unknown,no
554,47,self-employed,married,unknown,no,935.00,yes,no,unknown,6,may,225,1,-1,0,unknown,no
555,33,blue-collar,married,secondary,no,-10.00,yes,no,unknown,6,may,123,1,-1,0,unknown,no
556,36,admin,married,secondary,no,-106.00,yes,no,unknown,6,may,130,2,-1,0,unknown,no
557,39,services,divorced,primary,no,471.00,yes,no,unknown,6,may,161,2,-1,0,unknown,no
558,56,admin,divorced,secondary,no,778.00,yes,no,unknown,6,may,149,2,-1,0,unknown,no
559,39,blue-collar,divorced,unknown,no,170.00,yes,no,unknown,6,may,268,2,-1,0,unknown,no
560,42,technician,married,secondary,no,315.00,yes,no,unknown,6,may,259,2,-1,0,unknown,no
561,52,blue-collar,married,secondary,no,3165.00,no,no,unknown,6,may,26,1,-1,0,unknown,no
562,36,admin,divorced,secondary,no,131.00,yes,no,unknown,6,may,153,1,-1,0,unknown,no
563,35,entrepreneur,married,secondary,yes,204.00,yes,no,unknown,6,may,424,2,-1,0,unknown,no
564,47,technician,married,secondary,no,83.00,yes,no,unknown,6,may,179,2,-1,0,unknown,no
565,59,services,divorced,secondary,no,0.00,yes,yes,unknown,6,may,97,1,-1,0,unknown,no
566,57,blue-collar,married,primary,no,5431.00,yes,yes,unknown,6,may,383,1,-1,0,unknown,no
567,38,management,married,unknown,no,1759.00,yes,no,unknown,6,may,440,1,-1,0,unknown,no
568,46,unemployed,married,secondary,no,-125.00,yes,no,unknown,6,may,23,1,-1,0,unknown,no
569,34,blue-collar,married,secondary,no,0.00,no,no,unknown,6,may,195,1,-1,0,unknown,no
570,28,services,single,secondary,no,5090.00,yes,no,unknown,6,may,1297,3,-1,0,unknown,yes
571,38,technician,married,unknown,no,573.00,yes,no,unknown,6,may,87,1,-1,0,unknown,no
572,56,blue-collar,married,secondary,no,1602.00,yes,no,unknown,6,may,427,1,-1,0,unknown,no
573,41,blue-collar,single,primary,yes,-137.00,yes,yes,unknown,6,may,189,1,-1,0,unknown,no
574,52,technician,married,unknown,no,0.00,no,no,unknown,6,may,195,1,-1,0,unknown,no
575,54,services,married,secondary,no,193.00,no,no,unknown,6,may,179,1,-1,0,unknown,no
576,61,retired,married,secondary,no,195.00,yes,yes,unknown,6,may,179,1,-1,0,unknown,no
577,53,entrepreneur,married,secondary,no,288.00,no,no,unknown,6,may,69,1,-1,0,unknown,no
578,47,technician,married,secondary,no,19.00,yes,no,unknown,6,may,105,2,-1,0,unknown,no
579,53,blue-collar,married,primary,no,25.00,yes,no,unknown,6,may,266,3,-1,0,unknown,no
580,46,services,married,secondary,no,216.00,yes,no,unknown,6,may,524,2,-1,0,unknown,no
581,39,blue-collar,divorced,primary,no,190.00,yes,yes,unknown,6,may,96,2,-1,0,unknown,no
582,56,technician,divorced,secondary,no,99.00,yes,no,unknown,6,may,155,2,-1,0,unknown,no
583,55,services,divorced,primary,no,2298.00,yes,no,unknown,6,may,162,2,-1,0,unknown,no
584,44,management,married,tertiary,no,17.00,yes,no,unknown,6,may,352,2,-1,0,unknown,no
585,37,technician,married,primary,no,0.00,yes,no,unknown,6,may,76,4,-1,0,unknown,no
586,35,blue-collar,married,primary,no,0.00,yes,no,unknown,6,may,154,2,-1,0,unknown,no
587,55,blue-collar,married,secondary,no,840.00,yes,no,unknown,6,may,310,2,-1,0,unknown,no
588,37,services,married,secondary,no,358.00,yes,no,unknown,6,may,390,3,-1,0,unknown,no
589,30,technician,single,secondary,no,0.00,yes,no,unknown,6,may,369,1,-1,0,unknown,no
590,37,blue-collar,married,primary,no,-325.00,yes,yes,unknown,6,may,112,2,-1,0,unknown,no
591,36,technician,single,secondary,no,-15.00,yes,no,unknown,6,may,341,3,-1,0,unknown,no
592,38,technician,married,secondary,no,581.00,yes,no,unknown,6,may,79,1,-1,0,unknown,no
593,41,admin,divorced,primary,no,4070.00,yes,no,unknown,6,may,140,2,-1,0,unknown,no
594,48,retired,married,secondary,no,74.00,no,yes,unknown,6,may,315,1,-1,0,unknown,no
595,55,services,divorced,secondary,no,141.00,yes,no,unknown,6,may,262,2,-1,0,unknown,no
596,28,services,divorced,secondary,no,89.00,no,no,unknown,6,may,174,2,-1,0,unknown,no
597,54,services,married,secondary,yes,0.00,yes,no,unknown,6,may,138,3,-1,0,unknown,no
598,30,blue-collar,married,secondary,no,450.00,no,no,unknown,6,may,526,2,-1,0,unknown,no
599,48,technician,married,tertiary,no,310.00,no,no,unknown,6,may,135,1,-1,0,unknown,no
600,31,self-employed,married,secondary,no,0.00,yes,no,unknown,6,may,36,5,-1,0,unknown,no
601,38,blue-collar,married,secondary,no,384.00,yes,no,unknown,6,may,1906,3,-1,0,unknown,no
602,37,blue-collar,married,secondary,no,395.00,yes,no,unknown,6,may,219,2,-1,0,unknown,no
603,37,services,single,unknown,no,-118.00,yes,no,unknown,6,may,147,2,-1,0,unknown,no
604,56,blue-collar,married,primary,no,5.00,yes,yes,unknown,6,may,407,2,-1,0,unknown,no
605,51,blue-collar,married,secondary,no,50.00,yes,yes,unknown,6,may,121,1,-1,0,unknown,no
606,39,blue-collar,married,secondary,no,285.00,yes,yes,unknown,6,may,209,1,-1,0,unknown,no
607,49,technician,married,unknown,no,15.00,no,no,unknown,6,may,92,2,-1,0,unknown,no
608,51,blue-collar,married,primary,no,653.00,yes,yes,unknown,6,may,208,1,-1,0,unknown,no
609,43,self-employed,married,secondary,no,918.00,yes,no,unknown,6,may,193,1,-1,0,unknown,no
610,32,services,married,secondary,no,243.00,yes,yes,unknown,6,may,144,1,-1,0,unknown,no
611,29,technician,single,tertiary,no,405.00,yes,no,unknown,6,may,65,1,-1,0,unknown,no
612,48,management,divorced,tertiary,no,1328.00,yes,no,unknown,6,may,339,1,-1,0,unknown,no
613,55,services,married,primary,no,255.00,yes,no,unknown,6,may,285,1,-1,0,unknown,no
614,53,blue-collar,married,secondary,no,3397.00,yes,no,unknown,6,may,231,1,-1,0,unknown,no
615,47,technician,married,unknown,no,2106.00,yes,no,unknown,6,may,168,1,-1,0,unknown,no
616,39,management,married,tertiary,no,2877.00,yes,no,unknown,6,may,278,1,-1,0,unknown,no
617,31,blue-collar,single,tertiary,no,60.00,yes,yes,unknown,6,may,389,1,-1,0,unknown,no
618,39,blue-collar,married,primary,no,2226.00,yes,no,unknown,6,may,158,1,-1,0,unknown,no
619,40,blue-collar,married,primary,no,2880.00,yes,no,unknown,6,may,145,2,-1,0,unknown,no
620,40,technician,single,unknown,no,-5.00,yes,no,unknown,6,may,78,2,-1,0,unknown,no
621,48,technician,married,secondary,no,147.00,no,no,unknown,6,may,142,3,-1,0,unknown,no
622,33,technician,divorced,secondary,no,7.00,yes,yes,unknown,6,may,87,1,-1,0,unknown,no
623,40,technician,married,secondary,no,109.00,yes,no,unknown,6,may,147,2,-1,0,unknown,no
624,59,retired,married,primary,no,-119.00,yes,no,unknown,6,may,289,1,-1,0,unknown,no
625,30,technician,married,secondary,no,484.00,yes,no,unknown,6,may,703,1,-1,0,unknown,yes
626,31,management,single,tertiary,no,1852.00,yes,no,unknown,6,may,170,3,-1,0,unknown,no
627,35,unemployed,married,secondary,no,533.00,yes,no,unknown,6,may,802,1,-1,0,unknown,no
628,54,technician,divorced,secondary,no,21.00,yes,no,unknown,6,may,381,2,-1,0,unknown,no
629,34,admin,single,unknown,no,2434.00,yes,no,unknown,6,may,218,4,-1,0,unknown,no
630,32,technician,married,secondary,no,90.00,yes,yes,unknown,6,may,57,2,-1,0,unknown,no
631,56,admin,divorced,unknown,no,4246.00,yes,no,unknown,6,may,304,2,-1,0,unknown,no
632,32,admin,single,tertiary,no,395.00,yes,no,unknown,6,may,241,3,-1,0,unknown,no
633,42,blue-collar,married,primary,no,15.00,yes,no,unknown,6,may,230,1,-1,0,unknown,no
634,33,services,married,tertiary,no,85.00,no,no,unknown,6,may,262,3,-1,0,unknown,no
635,52,entrepreneur,married,tertiary,no,-184.00,yes,yes,unknown,6,may,392,2,-1,0,unknown,no
636,52,services,married,secondary,no,660.00,no,no,unknown,6,may,201,2,-1,0,unknown,no
637,52,blue-collar,divorced,primary,yes,-183.00,yes,no,unknown,6,may,145,1,-1,0,unknown,no
638,30,unemployed,divorced,secondary,no,1144.00,yes,no,unknown,6,may,252,1,-1,0,unknown,no
639,44,services,divorced,secondary,no,1.00,yes,no,unknown,6,may,235,4,-1,0,unknown,no
640,35,admin,married,secondary,no,69.00,yes,yes,unknown,6,may,235,2,-1,0,unknown,no
641,55,management,single,secondary,no,220.00,yes,no,unknown,6,may,328,2,-1,0,unknown,no
642,33,blue-collar,married,primary,no,332.00,yes,no,unknown,6,may,116,2,-1,0,unknown,no
643,37,blue-collar,single,secondary,no,240.00,yes,no,unknown,6,may,246,1,-1,0,unknown,no
644,42,technician,single,secondary,no,0.00,yes,no,unknown,6,may,293,1,-1,0,unknown,no
645,43,unemployed,married,secondary,no,0.00,yes,no,unknown,6,may,37,2,-1,0,unknown,no
646,38,entrepreneur,married,tertiary,no,898.00,yes,no,unknown,6,may,132,2,-1,0,unknown,no
647,37,technician,married,secondary,no,123.00,yes,yes,unknown,6,may,530,2,-1,0,unknown,no
648,31,student,single,secondary,no,252.00,yes,no,unknown,6,may,175,3,-1,0,unknown,no
649,41,management,married,tertiary,no,65.00,yes,no,unknown,6,may,524,2,-1,0,unknown,no
650,41,technician,married,secondary,no,-366.00,yes,yes,unknown,6,may,29,3,-1,0,unknown,no
651,29,student,single,secondary,no,209.00,yes,no,unknown,6,may,311,2,-1,0,unknown,no
652,38,admin,single,secondary,no,221.00,yes,no,unknown,6,may,211,2,-1,0,unknown,no
653,44,self-employed,divorced,tertiary,no,4.00,yes,no,unknown,6,may,312,3,-1,0,unknown,no
654,39,admin,married,secondary,no,104.00,yes,no,unknown,6,may,412,1,-1,0,unknown,no
655,28,technician,single,secondary,no,312.00,yes,no,unknown,6,may,392,1,-1,0,unknown,no
656,33,blue-collar,married,secondary,no,-349.00,yes,no,unknown,6,may,191,1,-1,0,unknown,no
657,41,services,married,unknown,no,4.00,no,no,unknown,6,may,284,2,-1,0,unknown,no
658,40,blue-collar,married,primary,no,-322.00,yes,yes,unknown,6,may,144,1,-1,0,unknown,no
659,29,admin,married,secondary,no,-150.00,yes,no,unknown,6,may,328,1,-1,0,unknown,no
660,38,management,married,unknown,no,1349.00,yes,no,unknown,6,may,100,1,-1,0,unknown,no
661,32,admin,married,tertiary,no,281.00,yes,no,unknown,6,may,226,1,-1,0,unknown,no
662,45,services,married,secondary,no,1259.00,yes,no,unknown,6,may,507,1,-1,0,unknown,no
663,33,admin,single,secondary,no,101.00,yes,no,unknown,6,may,392,1,-1,0,unknown,no
664,34,blue-collar,married,secondary,no,848.00,yes,no,unknown,6,may,684,2,-1,0,unknown,no
665,41,entrepreneur,married,unknown,no,89.00,yes,no,unknown,6,may,333,2,-1,0,unknown,no
666,41,blue-collar,married,secondary,no,140.00,yes,no,unknown,6,may,311,3,-1,0,unknown,no
667,35,admin,single,secondary,no,148.00,yes,no,unknown,6,may,128,2,-1,0,unknown,no
668,40,technician,single,secondary,no,200.00,yes,no,unknown,6,may,322,2,-1,0,unknown,no
669,60,self-employed,married,primary,no,46.00,yes,no,unknown,6,may,202,4,-1,0,unknown,no
670,47,services,divorced,secondary,no,201.00,yes,no,unknown,6,may,92,2,-1,0,unknown,no
671,46,blue-collar,married,primary,no,530.00,yes,no,unknown,6,may,739,3,-1,0,unknown,no
672,31,blue-collar,single,secondary,no,0.00,yes,no,unknown,6,may,273,2,-1,0,unknown,no
673,49,self-employed,married,secondary,no,1.00,yes,no,unknown,6,may,260,3,-1,0,unknown,no
674,29,blue-collar,married,secondary,no,43.00,yes,no,unknown,6,may,268,2,-1,0,unknown,no
675,31,management,single,tertiary,no,-173.00,yes,no,unknown,6,may,396,2,-1,0,unknown,no
676,38,management,married,tertiary,no,389.00,yes,no,unknown,6,may,262,1,-1,0,unknown,no
677,37,blue-collar,married,primary,no,215.00,yes,yes,unknown,6,may,308,3,-1,0,unknown,no
678,35,technician,married,secondary,no,-131.00,yes,no,unknown,6,may,467,2,-1,0,unknown,no
679,31,management,single,secondary,no,783.00,yes,no,unknown,6,may,320,1,-1,0,unknown,no
680,41,admin,married,secondary,no,0.00,yes,no,unknown,6,may,160,3,-1,0,unknown,no
681,46,services,married,unknown,no,80.00,yes,no,unknown,6,may,245,2,-1,0,unknown,no
682,40,services,divorced,secondary,no,105.00,yes,no,unknown,6,may,189,2,-1,0,unknown,no
683,29,admin,married,secondary,no,182.00,yes,yes,unknown,6,may,477,1,-1,0,unknown,no
684,49,admin,married,secondary,no,82.00,yes,no,unknown,6,may,310,1,-1,0,unknown,no
685,42,management,married,tertiary,no,0.00,yes,no,unknown,6,may,65,3,-1,0,unknown,no
686,54,services,married,secondary,no,510.00,yes,no,unknown,6,may,196,2,-1,0,unknown,no
687,40,management,single,tertiary,no,242.00,yes,no,unknown,6,may,221,2,-1,0,unknown,no
688,53,admin,married,secondary,no,244.00,yes,yes,unknown,6,may,197,2,-1,0,unknown,no
689,49,management,married,tertiary,no,92.00,yes,no,unknown,6,may,221,2,-1,0,unknown,no
690,40,blue-collar,married,primary,yes,0.00,yes,no,unknown,6,may,64,2,-1,0,unknown,no
691,29,student,single,secondary,no,948.00,yes,no,unknown,6,may,75,2,-1,0,unknown,no
692,36,blue-collar,married,primary,no,23.00,yes,no,unknown,6,may,400,2,-1,0,unknown,no
693,37,technician,married,secondary,no,710.00,yes,no,unknown,6,may,378,3,-1,0,unknown,no
694,39,services,married,secondary,no,1205.00,yes,no,unknown,6,may,118,2,-1,0,unknown,no
695,36,technician,married,secondary,no,368.00,yes,yes,unknown,6,may,1597,2,-1,0,unknown,yes
696,44,entrepreneur,married,tertiary,no,1631.00,yes,no,unknown,6,may,346,2,-1,0,unknown,no
697,40,admin,married,secondary,no,6.00,yes,no,unknown,6,may,60,3,-1,0,unknown,no
698,49,blue-collar,married,secondary,no,26.00,yes,no,unknown,6,may,276,2,-1,0,unknown,no
699,30,technician,single,unknown,no,-48.00,yes,no,unknown,6,may,152,2,-1,0,unknown,no
700,57,management,married,tertiary,no,2142.00,yes,no,unknown,6,may,251,3,-1,0,unknown,no
701,24,services,single,secondary,no,77.00,yes,yes,unknown,6,may,390,2,-1,0,unknown,no
702,46,blue-collar,married,unknown,no,401.00,yes,no,unknown,6,may,306,2,-1,0,unknown,no
703,33,admin,married,secondary,no,21.00,no,no,unknown,6,may,189,3,-1,0,unknown,no
704,43,services,divorced,secondary,no,0.00,yes,no,unknown,6,may,125,2,-1,0,unknown,no
705,43,admin,single,secondary,no,-497.00,yes,no,unknown,6,may,234,2,-1,0,unknown,no
706,40,blue-collar,divorced,primary,no,369.00,no,no,unknown,6,may,79,2,-1,0,unknown,no
707,44,technician,single,unknown,no,78.00,yes,no,unknown,6,may,13,6,-1,0,unknown,no
708,35,technician,single,tertiary,no,226.00,yes,yes,unknown,6,may,283,3,-1,0,unknown,no
709,47,technician,married,secondary,no,503.00,yes,no,unknown,6,may,109,2,-1,0,unknown,no
710,33,blue-collar,married,secondary,no,372.00,yes,no,unknown,6,may,132,2,-1,0,unknown,no
711,31,admin,married,secondary,no,0.00,yes,yes,unknown,6,may,144,2,-1,0,unknown,no
712,40,blue-collar,divorced,secondary,no,0.00,yes,no,unknown,6,may,121,2,-1,0,unknown,no
713,36,entrepreneur,married,tertiary,no,125.00,yes,no,unknown,6,may,95,3,-1,0,unknown,no
714,56,retired,divorced,primary,no,4.00,yes,no,unknown,6,may,31,3,-1,0,unknown,no
715,40,admin,single,unknown,no,419.00,yes,no,unknown,6,may,112,3,-1,0,unknown,no
716,41,admin,divorced,secondary,no,322.00,yes,no,unknown,6,may,87,4,-1,0,unknown,no
717,53,retired,married,secondary,no,303.00,yes,no,unknown,6,may,593,2,-1,0,unknown,no
718,39,blue-collar,married,secondary,no,607.00,yes,no,unknown,6,may,99,2,-1,0,unknown,no
719,44,blue-collar,divorced,secondary,no,579.00,yes,no,unknown,6,may,198,2,-1,0,unknown,no
720,38,admin,married,secondary,no,3047.00,yes,no,unknown,6,may,285,2,-1,0,unknown,no
721,54,technician,divorced,secondary,no,83.00,yes,no,unknown,6,may,190,3,-1,0,unknown,no
722,58,management,married,tertiary,no,68.00,yes,no,unknown,6,may,172,5,-1,0,unknown,no
723,52,blue-collar,married,primary,no,58.00,yes,no,unknown,6,may,213,3,-1,0,unknown,no
724,28,admin,single,secondary,no,251.00,yes,no,unknown,6,may,178,2,-1,0,unknown,no
725,36,blue-collar,married,secondary,no,688.00,yes,no,unknown,6,may,174,2,-1,0,unknown,no
726,60,retired,married,primary,no,364.00,yes,no,unknown,6,may,631,2,-1,0,unknown,no
727,42,services,divorced,secondary,no,55.00,yes,no,unknown,6,may,176,5,-1,0,unknown,no
728,42,admin,married,secondary,no,101.00,yes,no,unknown,6,may,32,3,-1,0,unknown,no
729,44,management,married,tertiary,no,105.00,yes,no,unknown,6,may,1529,2,-1,0,unknown,no
730,51,blue-collar,divorced,primary,no,325.00,yes,no,unknown,6,may,254,2,-1,0,unknown,no
731,49,blue-collar,married,primary,no,198.00,yes,no,unknown,6,may,200,2,-1,0,unknown,no
732,47,entrepreneur,married,unknown,no,209.00,yes,no,unknown,6,may,135,2,-1,0,unknown,no
733,37,blue-collar,married,secondary,no,183.00,yes,no,unknown,6,may,112,4,-1,0,unknown,no
734,34,management,married,tertiary,no,105.00,yes,no,unknown,6,may,314,3,-1,0,unknown,no
735,35,services,married,secondary,no,109.00,yes,no,unknown,6,may,597,3,-1,0,unknown,no
736,35,blue-collar,single,secondary,no,376.00,yes,yes,unknown,6,may,207,3,-1,0,unknown,no
737,40,blue-collar,married,primary,no,-7.00,yes,no,unknown,6,may,410,2,-1,0,unknown,no
738,55,technician,married,secondary,no,0.00,no,no,unknown,6,may,160,3,-1,0,unknown,no
739,55,retired,married,secondary,no,143.00,yes,no,unknown,6,may,42,3,-1,0,unknown,no
740,35,management,single,tertiary,no,550.00,yes,no,unknown,6,may,55,2,-1,0,unknown,no
741,57,blue-collar,married,primary,no,162.00,yes,no,unknown,6,may,155,2,-1,0,unknown,no
742,53,management,married,tertiary,no,115.00,yes,no,unknown,6,may,336,3,-1,0,unknown,no
743,41,blue-collar,married,primary,no,512.00,yes,no,unknown,6,may,233,2,-1,0,unknown,no
744,57,blue-collar,married,unknown,no,807.00,yes,no,unknown,6,may,211,2,-1,0,unknown,no
745,45,blue-collar,married,unknown,no,248.00,yes,no,unknown,6,may,88,5,-1,0,unknown,no
746,43,blue-collar,married,primary,no,1211.00,yes,no,unknown,6,may,208,3,-1,0,unknown,no
747,56,self-employed,married,unknown,no,7.00,no,no,unknown,6,may,305,2,-1,0,unknown,no
748,31,entrepreneur,married,tertiary,no,281.00,yes,no,unknown,6,may,206,2,-1,0,unknown,no
749,37,blue-collar,single,secondary,no,88.00,yes,no,unknown,6,may,128,2,-1,0,unknown,no
750,30,management,married,tertiary,no,32.00,yes,no,unknown,6,may,122,3,-1,0,unknown,no
751,30,admin,single,secondary,no,115.00,yes,no,unknown,6,may,66,3,-1,0,unknown,no
752,54,blue-collar,married,secondary,no,254.00,yes,no,unknown,6,may,66,2,-1,0,unknown,no
753,36,management,married,tertiary,no,144.00,yes,no,unknown,6,may,164,2,-1,0,unknown,no
754,55,unemployed,married,tertiary,no,383.00,no,no,unknown,6,may,343,3,-1,0,unknown,no
755,37,admin,single,secondary,no,569.00,yes,yes,unknown,6,may,126,2,-1,0,unknown,no
756,38,housemaid,married,secondary,no,0.00,yes,no,unknown,6,may,59,3,-1,0,unknown,no
757,48,admin,married,secondary,no,3754.00,yes,no,unknown,6,may,249,3,-1,0,unknown,no
758,55,housemaid,divorced,tertiary,no,6920.00,yes,no,unknown,6,may,406,3,-1,0,unknown,no
759,59,services,married,secondary,no,307.00,yes,yes,unknown,6,may,250,7,-1,0,unknown,no
760,37,technician,married,secondary,no,-421.00,yes,no,unknown,6,may,183,5,-1,0,unknown,no
761,33,blue-collar,divorced,secondary,no,60.00,no,no,unknown,6,may,190,3,-1,0,unknown,no
762,44,blue-collar,married,primary,no,67.00,yes,no,unknown,6,may,220,2,-1,0,unknown,no
763,57,technician,married,secondary,no,402.00,yes,no,unknown,6,may,153,3,-1,0,unknown,no
764,30,self-employed,single,tertiary,no,800.00,no,no,unknown,6,may,95,2,-1,0,unknown,no
765,42,technician,married,tertiary,no,239.00,yes,yes,unknown,6,may,191,3,-1,0,unknown,no
766,51,blue-collar,divorced,secondary,no,421.00,yes,no,unknown,6,may,216,2,-1,0,unknown,no
767,44,admin,divorced,secondary,no,161.00,yes,no,unknown,7,may,89,2,-1,0,unknown,no
768,46,technician,married,secondary,yes,289.00,no,no,unknown,7,may,51,3,-1,0,unknown,no
769,29,student,single,secondary,no,110.00,yes,no,unknown,7,may,169,3,-1,0,unknown,no
770,39,blue-collar,married,primary,no,245.00,yes,no,unknown,7,may,148,3,-1,0,unknown,no
771,42,services,married,secondary,no,0.00,yes,no,unknown,7,may,132,3,-1,0,unknown,no
772,50,blue-collar,married,primary,no,156.00,yes,no,unknown,7,may,117,3,-1,0,unknown,no
773,42,technician,single,secondary,no,0.00,yes,no,unknown,7,may,275,4,-1,0,unknown,no
774,39,admin,married,secondary,no,20.00,yes,no,unknown,7,may,124,2,-1,0,unknown,no
775,55,technician,single,tertiary,no,92.00,yes,no,unknown,7,may,118,3,-1,0,unknown,no
776,46,services,married,secondary,no,89.00,yes,no,unknown,7,may,479,2,-1,0,unknown,no
777,42,blue-collar,married,secondary,no,166.00,yes,no,unknown,7,may,285,3,-1,0,unknown,no
778,45,management,married,tertiary,no,103.00,yes,no,unknown,7,may,35,4,-1,0,unknown,no
779,43,blue-collar,married,primary,no,-454.00,yes,no,unknown,7,may,322,2,-1,0,unknown,no
780,42,admin,married,secondary,no,445.00,yes,no,unknown,7,may,202,2,-1,0,unknown,no
781,30,admin,married,secondary,no,4.00,no,no,unknown,7,may,172,8,-1,0,unknown,no
782,47,blue-collar,married,secondary,no,1001.00,yes,no,unknown,7,may,201,4,-1,0,unknown,no
783,51,services,divorced,secondary,no,-69.00,yes,no,unknown,7,may,216,3,-1,0,unknown,no
784,38,technician,single,secondary,no,42.00,yes,no,unknown,7,may,195,2,-1,0,unknown,no
785,57,technician,married,unknown,no,1617.00,yes,no,unknown,7,may,96,2,-1,0,unknown,no
786,42,management,divorced,tertiary,no,221.00,yes,no,unknown,7,may,720,2,-1,0,unknown,no
787,32,technician,divorced,secondary,no,210.00,yes,yes,unknown,7,may,188,2,-1,0,unknown,no
788,46,management,married,tertiary,no,0.00,no,no,unknown,7,may,70,2,-1,0,unknown,no
789,29,student,single,tertiary,no,185.00,yes,no,unknown,7,may,141,3,-1,0,unknown,no
790,59,retired,married,secondary,no,836.00,yes,no,unknown,7,may,106,1,-1,0,unknown,no
791,32,blue-collar,single,secondary,no,301.00,yes,no,unknown,7,may,395,2,-1,0,unknown,no
792,44,blue-collar,married,primary,no,503.00,yes,no,unknown,7,may,629,2,-1,0,unknown,no
793,40,retired,married,primary,no,407.00,yes,no,unknown,7,may,502,1,-1,0,unknown,no
794,31,blue-collar,single,secondary,no,53.00,yes,no,unknown,7,may,446,1,-1,0,unknown,no
795,46,self-employed,married,tertiary,no,2303.00,yes,no,unknown,7,may,241,1,-1,0,unknown,no
796,43,management,married,tertiary,no,144.00,yes,no,unknown,7,may,131,3,-1,0,unknown,no
797,34,services,married,secondary,no,205.00,yes,no,unknown,7,may,312,1,-1,0,unknown,no
798,39,management,married,tertiary,no,305.00,yes,no,unknown,7,may,275,6,-1,0,unknown,no
799,30,blue-collar,divorced,secondary,no,251.00,yes,yes,unknown,7,may,120,2,-1,0,unknown,no
800,56,retired,married,secondary,no,0.00,yes,no,unknown,7,may,333,4,-1,0,unknown,no
801,29,technician,married,secondary,no,8.00,no,no,unknown,7,may,113,1,-1,0,unknown,no
802,40,blue-collar,divorced,secondary,no,139.00,yes,no,unknown,7,may,91,1,-1,0,unknown,no
803,36,services,married,secondary,no,184.00,yes,no,unknown,7,may,128,3,-1,0,unknown,no
804,37,blue-collar,single,secondary,no,238.00,yes,no,unknown,7,may,200,2,-1,0,unknown,no
805,35,admin,married,secondary,no,0.00,no,no,unknown,7,may,326,1,-1,0,unknown,no
806,35,blue-collar,married,primary,yes,0.00,yes,no,unknown,7,may,292,1,-1,0,unknown,no
807,47,services,married,primary,no,222.00,yes,no,unknown,7,may,68,1,-1,0,unknown,no
808,31,services,married,secondary,no,414.00,yes,no,unknown,7,may,215,1,-1,0,unknown,no
809,56,retired,single,primary,no,223.00,yes,no,unknown,7,may,97,1,-1,0,unknown,no
810,57,technician,married,secondary,no,197.00,no,no,unknown,7,may,32,1,-1,0,unknown,no
811,36,blue-collar,married,secondary,no,-251.00,yes,no,unknown,7,may,162,1,-1,0,unknown,no
812,45,self-employed,divorced,secondary,no,-139.00,yes,no,unknown,7,may,152,3,-1,0,unknown,no
813,47,blue-collar,married,unknown,no,733.00,yes,no,unknown,7,may,268,1,-1,0,unknown,no
814,29,technician,single,tertiary,no,0.00,yes,no,unknown,7,may,104,2,-1,0,unknown,no
815,57,services,married,secondary,no,1.00,no,no,unknown,7,may,852,1,-1,0,unknown,no
816,45,blue-collar,married,primary,no,97.00,yes,no,unknown,7,may,923,3,-1,0,unknown,no
817,31,blue-collar,single,primary,no,435.00,yes,no,unknown,7,may,159,2,-1,0,unknown,no
818,31,management,divorced,tertiary,no,0.00,yes,no,unknown,7,may,953,3,-1,0,unknown,no
819,37,technician,single,tertiary,no,147.00,no,no,unknown,7,may,416,2,-1,0,unknown,no
820,30,technician,single,tertiary,no,3.00,yes,no,unknown,7,may,174,1,-1,0,unknown,no
821,58,services,divorced,secondary,no,1109.00,yes,yes,unknown,7,may,180,1,-1,0,unknown,no
822,33,services,married,secondary,no,404.00,yes,no,unknown,7,may,139,1,-1,0,unknown,no
823,39,blue-collar,married,primary,no,981.00,yes,no,unknown,7,may,294,1,-1,0,unknown,no
824,33,blue-collar,single,primary,no,95.00,yes,no,unknown,7,may,102,1,-1,0,unknown,no
825,34,services,married,secondary,no,302.00,yes,no,unknown,7,may,124,1,-1,0,unknown,no
826,36,services,divorced,secondary,no,-290.00,yes,yes,unknown,7,may,128,1,-1,0,unknown,no
827,37,services,single,secondary,no,259.00,yes,no,unknown,7,may,130,1,-1,0,unknown,no
828,35,blue-collar,married,secondary,no,527.00,yes,yes,unknown,7,may,143,1,-1,0,unknown,no
829,55,retired,married,secondary,no,102.00,yes,no,unknown,7,may,74,1,-1,0,unknown,no
830,34,management,single,tertiary,no,872.00,yes,no,unknown,7,may,105,2,-1,0,unknown,no
831,40,management,divorced,tertiary,no,490.00,yes,no,unknown,7,may,477,2,-1,0,unknown,no
832,42,blue-collar,single,primary,no,19.00,yes,no,unknown,7,may,158,1,-1,0,unknown,no
833,37,blue-collar,married,secondary,no,16.00,yes,no,unknown,7,may,250,1,-1,0,unknown,no
834,42,management,married,tertiary,no,386.00,yes,no,unknown,7,may,168,1,-1,0,unknown,no
835,35,technician,single,secondary,no,539.00,yes,no,unknown,7,may,520,1,-1,0,unknown,no
836,44,technician,divorced,secondary,no,-329.00,yes,no,unknown,7,may,171,1,-1,0,unknown,no
837,30,services,single,secondary,no,-174.00,yes,no,unknown,7,may,113,1,-1,0,unknown,no
838,45,entrepreneur,married,secondary,no,68.00,yes,no,unknown,7,may,254,1,-1,0,unknown,no
839,35,blue-collar,single,unknown,yes,-532.00,yes,no,unknown,7,may,149,1,-1,0,unknown,no
840,36,admin,divorced,secondary,no,0.00,yes,no,unknown,7,may,133,2,-1,0,unknown,no
841,49,blue-collar,married,secondary,no,64.00,yes,no,unknown,7,may,293,3,-1,0,unknown,no
842,31,blue-collar,single,secondary,no,1415.00,yes,no,unknown,7,may,485,1,-1,0,unknown,no
843,31,technician,single,secondary,no,147.00,yes,no,unknown,7,may,374,1,-1,0,unknown,no
844,39,blue-collar,married,secondary,no,72.00,yes,no,unknown,7,may,425,6,-1,0,unknown,no
845,37,services,single,secondary,no,-196.00,yes,no,unknown,7,may,207,1,-1,0,unknown,no
846,33,blue-collar,married,primary,no,716.00,yes,no,unknown,7,may,83,3,-1,0,unknown,no
847,37,management,married,tertiary,no,0.00,yes,no,unknown,7,may,228,1,-1,0,unknown,no
848,42,services,married,secondary,no,-246.00,yes,no,unknown,7,may,149,1,-1,0,unknown,no
849,56,blue-collar,married,secondary,no,-203.00,yes,no,unknown,7,may,139,1,-1,0,unknown,no
850,37,admin,single,secondary,no,245.00,yes,yes,unknown,7,may,732,2,-1,0,unknown,yes
851,36,services,single,secondary,no,342.00,yes,no,unknown,7,may,142,1,-1,0,unknown,no
852,29,technician,single,tertiary,no,3.00,yes,no,unknown,7,may,359,1,-1,0,unknown,no
853,54,management,married,tertiary,yes,-248.00,yes,yes,unknown,7,may,112,1,-1,0,unknown,no
854,38,blue-collar,married,secondary,no,376.00,yes,no,unknown,7,may,1521,1,-1,0,unknown,no
855,43,blue-collar,divorced,secondary,no,370.00,yes,no,unknown,7,may,216,1,-1,0,unknown,no
856,47,admin,single,secondary,no,594.00,yes,no,unknown,7,may,161,1,-1,0,unknown,no
857,47,blue-collar,married,secondary,no,387.00,yes,no,unknown,7,may,122,2,-1,0,unknown,no
858,38,services,married,secondary,no,208.00,yes,no,unknown,7,may,800,1,-1,0,unknown,no
859,40,blue-collar,married,secondary,no,563.00,yes,no,unknown,7,may,615,1,-1,0,unknown,no
860,33,services,divorced,secondary,no,392.00,yes,yes,unknown,7,may,254,1,-1,0,unknown,no
861,33,retired,married,secondary,no,165.00,no,no,unknown,7,may,111,1,-1,0,unknown,no
862,53,admin,divorced,unknown,no,236.00,yes,no,unknown,7,may,354,1,-1,0,unknown,no
863,37,services,married,primary,no,52.00,yes,no,unknown,7,may,359,1,-1,0,unknown,no
864,40,management,single,tertiary,no,1265.00,yes,no,unknown,7,may,97,1,-1,0,unknown,no
865,37,blue-collar,married,primary,no,693.00,yes,no,unknown,7,may,327,3,-1,0,unknown,no
866,35,technician,married,secondary,no,118.00,yes,no,unknown,7,may,236,1,-1,0,unknown,no
867,49,blue-collar,married,primary,no,3659.00,yes,no,unknown,7,may,160,1,-1,0,unknown,no
868,26,blue-collar,single,secondary,no,24.00,yes,no,unknown,7,may,180,1,-1,0,unknown,no
869,38,management,single,tertiary,no,673.00,yes,no,unknown,7,may,184,1,-1,0,unknown,no
870,52,self-employed,married,secondary,no,273.00,no,no,unknown,7,may,227,1,-1,0,unknown,no
871,33,services,divorced,secondary,no,327.00,yes,no,unknown,7,may,109,1,-1,0,unknown,no
872,31,admin,single,secondary,no,299.00,yes,no,unknown,7,may,492,2,-1,0,unknown,no
873,32,blue-collar,married,secondary,no,0.00,yes,no,unknown,7,may,298,1,-1,0,unknown,no
874,35,blue-collar,single,primary,no,109.00,yes,no,unknown,7,may,83,2,-1,0,unknown,no
875,55,management,divorced,tertiary,no,552.00,no,no,unknown,7,may,241,2,-1,0,unknown,no
876,32,blue-collar,divorced,primary,no,473.00,yes,no,unknown,7,may,204,2,-1,0,unknown,no
877,37,unknown,single,unknown,no,414.00,yes,no,unknown,7,may,131,1,-1,0,unknown,no
878,45,blue-collar,married,secondary,no,154.00,yes,no,unknown,7,may,1138,1,-1,0,unknown,yes
879,31,technician,married,secondary,no,344.00,yes,no,unknown,7,may,123,1,-1,0,unknown,no
880,38,admin,married,secondary,no,8.00,yes,no,unknown,7,may,125,1,-1,0,unknown,no
881,37,services,married,secondary,no,78.00,yes,no,unknown,7,may,295,2,-1,0,unknown,no
882,38,blue-collar,married,secondary,no,266.00,yes,no,unknown,7,may,287,1,-1,0,unknown,no
883,33,housemaid,married,tertiary,no,98.00,yes,yes,unknown,7,may,109,1,-1,0,unknown,no
884,38,blue-collar,married,primary,no,83.00,yes,no,unknown,7,may,140,2,-1,0,unknown,no
885,37,management,single,tertiary,yes,45.00,yes,no,unknown,7,may,204,1,-1,0,unknown,no
886,29,unemployed,married,tertiary,no,8.00,yes,no,unknown,7,may,233,1,-1,0,unknown,no
887,42,management,married,tertiary,no,263.00,yes,no,unknown,7,may,254,1,-1,0,unknown,no
888,40,blue-collar,married,secondary,no,306.00,yes,no,unknown,7,may,184,2,-1,0,unknown,no
889,32,management,married,tertiary,no,233.00,yes,no,unknown,7,may,193,1,-1,0,unknown,no
890,47,management,divorced,tertiary,no,447.00,no,yes,unknown,7,may,126,1,-1,0,unknown,no
891,29,student,single,secondary,no,872.00,yes,no,unknown,7,may,230,1,-1,0,unknown,no
892,53,services,divorced,primary,no,-291.00,yes,yes,unknown,7,may,591,1,-1,0,unknown,yes
893,31,services,married,tertiary,no,309.00,yes,yes,unknown,7,may,294,1,-1,0,unknown,no
894,59,blue-collar,married,secondary,no,202.00,yes,no,unknown,7,may,173,1,-1,0,unknown,no
895,29,entrepreneur,married,primary,no,56.00,yes,yes,unknown,7,may,336,1,-1,0,unknown,no
896,59,blue-collar,married,primary,no,229.00,yes,yes,unknown,7,may,19,1,-1,0,unknown,no
897,44,blue-collar,married,primary,no,143.00,yes,no,unknown,7,may,153,1,-1,0,unknown,no
898,38,admin,single,secondary,no,100.00,yes,no,unknown,7,may,786,1,-1,0,unknown,yes
899,49,admin,married,secondary,no,326.00,yes,no,unknown,7,may,99,2,-1,0,unknown,no
900,43,blue-collar,married,secondary,no,167.00,yes,no,unknown,7,may,243,1,-1,0,unknown,no
901,52,admin,single,secondary,no,545.00,yes,no,unknown,7,may,260,1,-1,0,unknown,no
902,40,admin,married,secondary,no,2100.00,yes,yes,unknown,7,may,164,2,-1,0,unknown,no
903,32,services,married,secondary,no,0.00,yes,yes,unknown,7,may,255,2,-1,0,unknown,no
904,47,admin,married,primary,no,192.00,yes,no,unknown,7,may,47,1,-1,0,unknown,no
905,33,management,married,tertiary,no,442.00,yes,no,unknown,7,may,463,1,-1,0,unknown,no
906,35,management,married,tertiary,no,267.00,yes,no,unknown,7,may,192,1,-1,0,unknown,no
907,27,services,single,secondary,no,0.00,yes,no,unknown,7,may,388,7,-1,0,unknown,no
908,50,blue-collar,married,primary,no,377.00,yes,no,unknown,7,may,221,1,-1,0,unknown,no
909,44,retired,married,secondary,no,7624.00,no,no,unknown,7,may,126,5,-1,0,unknown,no
910,43,self-employed,married,primary,no,66.00,yes,no,unknown,7,may,175,5,-1,0,unknown,no
911,51,blue-collar,married,unknown,no,37.00,yes,no,unknown,7,may,256,6,-1,0,unknown,no
912,32,admin,single,secondary,no,64.00,yes,no,unknown,7,may,202,2,-1,0,unknown,no
913,47,management,divorced,tertiary,no,34.00,yes,no,unknown,7,may,104,1,-1,0,unknown,no
914,34,admin,divorced,secondary,no,627.00,yes,no,unknown,7,may,283,2,-1,0,unknown,no
915,57,self-employed,married,primary,no,1013.00,yes,no,unknown,7,may,448,1,-1,0,unknown,no
916,43,admin,single,secondary,no,140.00,yes,no,unknown,7,may,127,1,-1,0,unknown,no
917,40,services,single,tertiary,no,8823.00,yes,no,unknown,7,may,378,1,-1,0,unknown,no
918,28,blue-collar,single,secondary,no,97.00,yes,no,unknown,7,may,67,1,-1,0,unknown,no
919,38,blue-collar,married,unknown,no,5.00,yes,no,unknown,7,may,221,2,-1,0,unknown,no
920,37,unemployed,divorced,secondary,no,74.00,yes,no,unknown,7,may,150,1,-1,0,unknown,no
921,44,admin,married,secondary,no,58544.00,yes,no,unknown,7,may,144,2,-1,0,unknown,no
922,41,technician,married,secondary,no,169.00,yes,no,unknown,7,may,296,2,-1,0,unknown,no
923,37,self-employed,married,tertiary,no,444.00,yes,no,unknown,7,may,401,2,-1,0,unknown,no
924,30,services,single,tertiary,no,542.00,yes,no,unknown,7,may,435,2,-1,0,unknown,no
925,32,blue-collar,married,secondary,no,-205.00,yes,no,unknown,7,may,388,1,-1,0,unknown,no
926,30,management,single,tertiary,no,112.00,yes,no,unknown,7,may,245,1,-1,0,unknown,no
927,35,services,married,secondary,no,39.00,no,no,unknown,7,may,143,1,-1,0,unknown,no
928,55,blue-collar,married,secondary,no,1268.00,yes,no,unknown,7,may,223,2,-1,0,unknown,no
929,52,blue-collar,married,secondary,no,-98.00,yes,no,unknown,7,may,423,1,-1,0,unknown,no
930,33,admin,married,secondary,no,44.00,yes,yes,unknown,7,may,231,1,-1,0,unknown,no
931,55,retired,married,primary,no,-90.00,yes,yes,unknown,7,may,634,2,-1,0,unknown,no
932,33,blue-collar,married,secondary,no,0.00,no,no,unknown,7,may,107,1,-1,0,unknown,no
933,40,blue-collar,married,secondary,yes,-94.00,yes,yes,unknown,7,may,227,1,-1,0,unknown,no
934,39,blue-collar,married,secondary,yes,-345.00,yes,no,unknown,7,may,69,1,-1,0,unknown,no
935,54,blue-collar,married,secondary,no,-932.00,yes,no,unknown,7,may,799,1,-1,0,unknown,no
936,39,blue-collar,married,primary,no,20.00,yes,no,unknown,7,may,109,1,-1,0,unknown,no
937,49,blue-collar,married,secondary,no,90.00,yes,no,unknown,7,may,127,1,-1,0,unknown,no
938,52,admin,married,secondary,no,31.00,yes,no,unknown,7,may,120,1,-1,0,unknown,no
939,27,management,single,tertiary,no,134.00,yes,yes,unknown,7,may,68,3,-1,0,unknown,no
940,26,services,married,secondary,no,0.00,yes,no,unknown,7,may,180,2,-1,0,unknown,no
941,40,blue-collar,married,secondary,no,61.00,yes,no,unknown,7,may,112,3,-1,0,unknown,no
942,47,blue-collar,married,secondary,yes,-5.00,yes,no,unknown,7,may,444,1,-1,0,unknown,no
943,31,services,single,secondary,no,-45.00,no,no,unknown,7,may,246,2,-1,0,unknown,no
944,53,blue-collar,single,secondary,no,156.00,yes,yes,unknown,7,may,259,4,-1,0,unknown,no
945,31,services,married,secondary,no,564.00,yes,no,unknown,7,may,223,3,-1,0,unknown,no
946,33,admin,married,secondary,no,-6.00,yes,no,unknown,7,may,566,2,-1,0,unknown,no
947,35,services,married,secondary,no,528.00,no,no,unknown,7,may,274,2,-1,0,unknown,no
948,46,entrepreneur,married,unknown,no,1481.00,yes,no,unknown,7,may,49,3,-1,0,unknown,no
949,31,management,married,secondary,no,2019.00,no,no,unknown,7,may,380,2,-1,0,unknown,no
950,35,technician,single,secondary,no,1855.00,yes,no,unknown,7,may,138,1,-1,0,unknown,no
951,29,management,married,secondary,no,147.00,yes,yes,unknown,7,may,376,2,-1,0,unknown,no
952,51,technician,married,secondary,no,220.00,yes,no,unknown,7,may,421,2,-1,0,unknown,no
953,33,blue-collar,married,primary,no,198.00,yes,no,unknown,7,may,121,2,-1,0,unknown,no
954,37,management,married,tertiary,no,115.00,no,no,unknown,7,may,36,1,-1,0,unknown,no
955,43,admin,single,unknown,no,87.00,yes,no,unknown,7,may,328,2,-1,0,unknown,no
956,42,technician,married,tertiary,no,644.00,yes,no,unknown,7,may,19,1,-1,0,unknown,no
957,28,blue-collar,married,secondary,no,225.00,yes,yes,unknown,7,may,866,2,-1,0,unknown,no
958,57,retired,married,secondary,no,502.00,yes,no,unknown,7,may,229,3,-1,0,unknown,no
959,38,services,married,secondary,no,-32.00,yes,no,unknown,7,may,154,2,-1,0,unknown,no
960,39,blue-collar,married,primary,no,106.00,yes,no,unknown,7,may,56,1,-1,0,unknown,no
961,36,technician,married,tertiary,no,301.00,yes,no,unknown,7,may,1581,2,-1,0,unknown,no
962,57,retired,married,tertiary,no,906.00,yes,no,unknown,7,may,117,1,-1,0,unknown,no
963,44,management,married,unknown,no,187.00,yes,no,unknown,7,may,185,1,-1,0,unknown,no
964,48,services,divorced,secondary,no,852.00,yes,yes,unknown,7,may,202,1,-1,0,unknown,no
965,46,blue-collar,married,primary,no,143.00,yes,no,unknown,7,may,279,1,-1,0,unknown,no
966,43,admin,married,secondary,no,71.00,no,no,unknown,7,may,180,5,-1,0,unknown,no
967,49,services,married,secondary,no,1496.00,yes,no,unknown,7,may,218,4,-1,0,unknown,no
968,29,services,single,secondary,no,703.00,yes,no,unknown,7,may,129,5,-1,0,unknown,no
969,53,blue-collar,married,secondary,no,732.00,yes,no,unknown,7,may,530,2,-1,0,unknown,no
970,30,services,single,secondary,no,21.00,yes,no,unknown,7,may,104,2,-1,0,unknown,no
971,41,management,divorced,secondary,no,276.00,yes,no,unknown,7,may,60,1,-1,0,unknown,no
972,33,technician,married,secondary,no,0.00,yes,no,unknown,7,may,432,1,-1,0,unknown,no
973,47,blue-collar,married,primary,no,550.00,yes,no,unknown,7,may,113,1,-1,0,unknown,no
974,58,retired,married,secondary,no,268.00,yes,no,unknown,7,may,516,1,-1,0,unknown,no
975,31,unemployed,married,secondary,no,-825.00,yes,no,unknown,7,may,179,2,-1,0,unknown,no
976,38,admin,single,secondary,no,137.00,yes,yes,unknown,7,may,125,2,-1,0,unknown,no
977,60,retired,married,secondary,no,42.00,yes,yes,unknown,7,may,386,2,-1,0,unknown,no
978,33,management,single,tertiary,no,54.00,no,no,unknown,7,may,262,2,-1,0,unknown,no
979,33,unemployed,single,tertiary,no,1716.00,yes,no,unknown,7,may,396,2,-1,0,unknown,no
980,52,admin,married,primary,no,270.00,yes,no,unknown,7,may,294,2,-1,0,unknown,no
981,42,blue-collar,married,primary,no,803.00,yes,no,unknown,7,may,171,2,-1,0,unknown,no
982,30,technician,single,secondary,no,102.00,yes,no,unknown,7,may,614,2,-1,0,unknown,no
983,33,entrepreneur,divorced,tertiary,no,188.00,yes,no,unknown,7,may,118,3,-1,0,unknown,no
984,46,admin,divorced,secondary,no,207.00,yes,no,unknown,7,may,485,4,-1,0,unknown,no
985,51,blue-collar,married,primary,no,1466.00,yes,no,unknown,7,may,406,2,-1,0,unknown,no
986,40,unemployed,single,secondary,no,350.00,yes,no,unknown,7,may,287,1,-1,0,unknown,no
987,50,admin,married,secondary,no,159.00,yes,no,unknown,7,may,216,2,-1,0,unknown,no
988,42,entrepreneur,married,tertiary,no,157.00,yes,yes,unknown,7,may,650,1,-1,0,unknown,no
989,38,technician,married,secondary,no,0.00,no,no,unknown,7,may,55,1,-1,0,unknown,no
990,36,admin,single,primary,no,91.00,yes,no,unknown,7,may,371,2,-1,0,unknown,no
991,37,unemployed,divorced,primary,no,849.00,yes,no,unknown,7,may,166,1,-1,0,unknown,no
992,33,management,married,tertiary,no,436.00,yes,no,unknown,7,may,48,1,-1,0,unknown,no
993,38,blue-collar,single,secondary,no,-1.00,yes,no,unknown,7,may,72,1,-1,0,unknown,no
994,52,blue-collar,married,tertiary,no,297.00,yes,no,unknown,7,may,55,1,-1,0,unknown,no
995,29,blue-collar,married,secondary,no,313.00,yes,yes,unknown,7,may,144,1,-1,0,unknown,no
996,37,blue-collar,married,primary,no,310.00,yes,no,unknown,7,may,474,1,-1,0,unknown,no
997,34,admin,married,secondary,no,475.00,yes,no,unknown,7,may,559,1,-1,0,unknown,no
998,43,blue-collar,married,primary,no,61.00,yes,no,unknown,7,may,261,1,-1,0,unknown,no
999,49,services,married,secondary,no,1377.00,yes,no,unknown,7,may,1101,1,-1,0,unknown,no
1000,33,technician,single,secondary,no,56.00,no,no,unknown,7,may,236,2,-1,0,unknown,no
